Workbook

Sheet Kundetilfredshetsundersøkelse -
A1: Response ID | B1: Date Created | C1: Date Modified | D1: IP Address | E1: Duration (sec) | F1: Response Status | G1: Email | H1: First Name | I1: Last Name | J1: Collector ID | K1: Collector Type | L1: Custom Value | M1: Velg selskap/kunde | N1: Tilbakemeldingen gjelder | O1: Tilbakemeldingen gjelder | P1: Tilbakemeldingen gjelder | Q1: Tilbakemeldingen gjelder | R1: Tilbakemeldingen gjelder | S1: Tilbakemeldingen gjelder | T1: Tilbakemeldingen gjelder | U1: Tilbakemeldingen gjelder | V1: Tilbakemeldingen gjelder | W1: Tilbakemeldingen gjelder | X1: Tilbakemeldingen gjelder | Y1: Tilbakemeldingen gjelder | Z1: Tilbakemeldingen gjelder | AA1: Tilbakemeldingen gjelder | AB1: Tilbakemeldingen gjelder | AC1: Tilbakemeldingen gjelder | AD1: Tilbakemeldingen gjelder | AE1: Tilbakemeldingen gjelder | AF1: Tilbakemeldingen gjelder | AG1: Hvor godt fornøyd er du med det utførte arbeidet til konsulenten fra JProfessionals AS | AH1: Hvor godt fornøyd er du med det utførte arbeidet til konsulenten fra JProfessionals AS | Kommentar | AI1: Har konsulenten fra JProfessionals AS den nødvendige kompetansen for arbeidet dere trenger utført? | AJ1: Har konsulenten fra JProfessionals AS den nødvendige kompetansen for arbeidet dere trenger utført? | Kommentar / Er det kompetanse du savner? | AK1: Hvor godt fornøyd er du med konsulenten fra JProfessionals AS sitt bidrag til kompetansedeling innad i ditt team/din organisasjon? | AL1: Hvor godt fornøyd er du med konsulenten fra JProfessionals AS sitt bidrag til kompetansedeling innad i ditt team/din organisasjon? | Kommentar | AM1: Hvor godt fornøyd er du med det generelle samarbeidet og kommunikasjonen med konsulenten fra JProfessionals AS? | AN1: Hvor godt fornøyd er du med det generelle samarbeidet og kommunikasjonen med konsulenten fra JProfessionals AS? | Kommentar | AO1: Hvor godt fornøyd er du med oppfølgingen fra, og samarbeidet med, JProfessionals AS? (valgfritt) - Om JProfessionals ikke er leverandøren du forholder deg til kan du se bort fra dette spørsmålet. | AP1: Hvor godt fornøyd er du med oppfølgingen fra, og samarbeidet med, JProfessionals AS? (valgfritt) - Om JProfessionals ikke er leverandøren du forholder deg til kan du se bort fra dette spørsmålet. | Kommentar | AQ1: I hvor stor grad synes du at kostnaden for konsulenten fra JProfessionals AS er verdt nytten de tilfører din organisasjon? | AR1: I hvor stor grad synes du at kostnaden for konsulenten fra JProfessionals AS er verdt nytten de tilfører din organisasjon? | Kommentar | AS1: Er det ytterligere områder eller tjenester du ser behov for bistand til?
A2: 114735374663 | B2: 45609.534 | C2: 45609.537 | D2: 62.92.224.122 | E2: 240 | F2: completed | G2: Not Answered | H2: Not Answered | I2: Not Answered | J2: 433598082 | K2: weblink | L2: Not Answered | M2: Husbanken | N2: Not Answered | O2: Not Answered | P2: Not Answered | Q2: Not Answered | R2: Not Answered | S2: Not Answered | T2: Not Answered | U2: Not Answered | V2: Not Answered | W2: Terje Wallem | X2: Not Answered | Y2: Not Answered | Z2: Not Answered | AA2: Not Answered | AB2: Not Answered | AC2: Not Answered | AD2: Not Answered | AE2: Not Answered | AF2: Not Answered | AG2: Svært fornøyd | AH2: Not Answered | AI2: I stor grad | AJ2: Not Answered | AK2: Svært fornøyd | AL2: Not Answered | AM2: Svært fornøyd | AN2: Not Answered | AO2: Svært fornøyd | AP2: (Overhuset) Ikke vært så mye dialog, men mangler ikke noe :-) | AQ2: 5 - star | AR2: Not Answered | AS2: Not Answered
A3: 114714414449 | B3: 45582.54 | C3: 45582.541 | D3: 81.175.27.28 | E3: 79 | F3: completed | G3: Not Answered | H3: Not Answered | I3: Not Answered | J3: 433188881 | K3: weblink | L3: Not Answered | M3: SPK | N3: Not Answered | O3: Not Answered | P3: Not Answered | Q3: Not Answered | R3: Not Answered | S3: Not Answered | T3: Not Answered | U3: Not Answered | V3: Not Answered | W3: Not Answered | X3: Not Answered | Y3: Not Answered | Z3: Not Answered | AA3: Not Answered | AB3: Not Answered | AC3: Not Answered | AD3: Not Answered | AE3: Not Answered | AF3: Ingebrigt Berg | AG3: Svært fornøyd | AH3: Kunnskapsrik, omgjengelig, tar initiativ. | AI3: I stor grad | AJ3: Not Answered | AK3: Svært fornøyd | AL3: Not Answered | AM3: Svært fornøyd | AN3: Not Answered | AO3: Not Answered | AP3: Not Answered | AQ3: I stor grad | AR3: Not Answered | AS3: Not Answered
A4: 114714413253 | B4: 45582.516 | C4: 45582.563 | D4: 46.212.44.252 | E4: 4100 | F4: completed | G4: Not Answered | H4: Not Answered | I4: Not Answered | J4: 433188881 | K4: weblink | L4: Not Answered | M4: Entur | N4: Not Answered | O4: Not Answered | P4: Not Answered | Q4: Not Answered | R4: Not Answered | S4: Not Answered | T4: Not Answered | U4: Not Answered | V4: Not Answered | W4: Not Answered | X4: Not Answered | Y4: Not Answered | Z4: Not Answered | AA4: Bent Lorentzen | AB4: Not Answered | AC4: Not Answered | AD4: Not Answered | AE4: Not Answered | AF4: Not Answered | AG4: Svært fornøyd | AH4: Bent er en svært kompetent teknolog som leverer arbeid av høy kvalitet. Hans erfaring og kompetanse innenfor feltet har bidratt til gode diskusjoner i teamet, gode løsninger, kunnskapsdeling og har vært med på å dra teamet i en veldig god retning. | AI4: I stor grad | AJ4: Bent har absolutt den nødvendige kompetansen for det arbeidet Entur trenger utført, og av de få områdene han ikke hadde kunnskap til fra før har han vist stor lærevilje og raskt kommet opp på et høyt kunnskapsnivå for ny teknologi og ikke minst domene. | AK4: Svært fornøyd | AL4: Som nevnt som kommentar i det første spørsmålet bidrar Bent i aller største grad til kompetansedeling innad i teamet. Hans evne til å vise forståelse og tålmodighet for de som skal tilegne seg ny kunnskap gjør han til en god mentor. | AM4: Svært fornøyd | AN4: Bent er veldig samarbeidsvillig og stiller alltid opp på kort varsel hvis noen trenger hjelp eller ønsker å arbeide sammen med ham. Bent og jeg (produktleder) har ukentlige møter for å planlegge uken jeg synes er veldig verdifullt. Han deltar alltid flittig i møter, har tydelige meninger, men er også alltid åpen for andres meninger og er villig til å diskutere emner med teamet før en endelig beslutning tas. | AO4: Not Answered | AP4: Not Answered | AQ4: I stor grad | AR4: Not Answered | AS4: Not Answered
A5: 114714432734 | B5: 45582.563 | C5: 45582.578 | D5: 46.212.44.252 | E5: 1236 | F5: completed | G5: Not Answered | H5: Not Answered | I5: Not Answered | J5: 433188881 | K5: weblink | L5: Not Answered | M5: Entur | N5: Not Answered | O5: Not Answered | P5: Not Answered | Q5: Not Answered | R5: Not Answered | S5: Not Answered | T5: Not Answered | U5: Not Answered | V5: Not Answered | W5: Not Answered | X5: Not Answered | Y5: Not Answered | Z5: Not Answered | AA5: Frederik Rønnevig | AB5: Not Answered | AC5: Not Answered | AD5: Not Answered | AE5: Not Answered | AF5: Not Answered | AG5: Svært fornøyd | AH5: Frederik har hovedansvaret for DevOps i teamet, og har bidratt til at teamet følger den ønskede infrastrukturen i Entur på en svært god måte i et helt nyoppstartet team (CI/CD-løp, GCP, tilgangsstyring mm). Han har også levert godt på selve applikasjonen vi utvikler på. | AI5: I stor grad | AJ5: Frederik har veldig god teknisk kompetanse både innenfor programmering og DevOps. Han er også svært lærevillig og setter alltid pris på å få nye oppgaver med teknologier han ikke har brukt før. | AK5: Svært fornøyd | AL5: Frederik er kanskje den på teamet som er aller best til å dokumentere både kode og prosesser i teamet, som legger til rette for at både teamet og eksterne enkelt kan sette seg inn i kode og prosesser og forstå hans tankeprosess ved valg. Han har også bidratt på dokumentasjonen til andre team for å gjøre det enklere for nestemann som skal lære seg det samme. | AM5: Svært fornøyd | AN5: Jeg er generelt svært fornøyd med både samarbeidet og kommunikasjonen til Frederik. Han stiller også alltid opp hvis noen trenger hjelp, løser gjerne oppgaver med andre og bidrar alltid til god stemning i teamet. Fordi jeg setter veldig pris på hans meninger skulle jeg kanskje ønske at han kunne vært enda litt mer på/med i diskusjoner i møter, men generelt er jeg svært fornøyd med samarbeidet vårt. | AO5: Not Answered | AP5: Not Answered | AQ5: I stor grad | AR5: Not Answered | AS5: Not Answered
A6: 114714444954 | B6: 45582.578 | C6: 45582.578 | D6: 46.212.44.252 | E6: 12 | F6: partial | G6: Not Answered | H6: Not Answered | I6: Not Answered | J6: 433188881 | K6: weblink | L6: Not Answered | M6: Entur | N6: Not Answered | O6: Not Answered | P6: Not Answered | Q6: Not Answered | R6: Not Answered | S6: Not Answered | T6: Not Answered | U6: Not Answered | V6: Not Answered | W6: Not Answered | X6: Not Answered | Y6: Not Answered | Z6: Not Answered | AA6: Frederik Rønnevig | AB6: Not Answered | AC6: Not Answered | AD6: Not Answered | AE6: Not Answered | AF6: Not Answered | AG6: Not Answered | AH6: Not Answered | AI6: Not Answered | AJ6: Not Answered | AK6: Not Answered | AL6: Not Answered | AM6: Not Answered | AN6: Not Answered | AO6: Not Answered | AP6: Not Answered | AQ6: Not Answered | AR6: Not Answered | AS6: Not Answered
A7: 114714509378 | B7: 45582.637 | C7: 45582.649 | D7: 188.95.247.201 | E7: 978 | F7: completed | G7: Not Answered | H7: Not Answered | I7: Not Answered | J7: 433188881 | K7: weblink | L7: Not Answered | M7: Ruter/TET Digital | N7: Not Answered | O7: Not Answered | P7: Not Answered | Q7: Not Answered | R7: David Børresen | S7: Not Answered | T7: Not Answered | U7: Not Answered | V7: Not Answered | W7: Not Answered | X7: Not Answered | Y7: Not Answered | Z7: Not Answered | AA7: Not Answered | AB7: Not Answered | AC7: Not Answered | AD7: Not Answered | AE7: Not Answered | AF7: Not Answered | AG7: Svært fornøyd | AH7: Ekstremt kunnig inom sitt fag. Leverarar alltid. Har gjort ett arbete jag har svårt att se att någon andra kan göra lika bra. | AI7: I stor grad | AJ7: Otveksamt | AK7: Litt fornøyd | AL7: Båda konsulenterna sitter på så bra kompetans som är högre än andra i sällskapet. Jag skulle gärna se att dom delar med sig mer av det. Kan se att det kan vara aktuellt att dom delar med sig av sitt arbete i mycket större utsträckning på Ruter/TET. Kan vara mer aktuellt när vi har mer på plats att visa mer emot ledelsen ect | AM7: Svært fornøyd | AN7: Superenkelt att jobba med, enkel transparant kommunikation. Vågar komma med bra feedback ifall han inte är enig i saker. Alltid trevligt att prata med. | AO7: Litt fornøyd | AP7: Osäker på denna, Känner egentligen att jag inte har ett direkt förhållande emot JPro | AQ7: 5 - star | AR7: Smakar det så kostar det är väll det dom säger. | AS7: Inte för tillfället ifrån Jpro
A8: 114714523977 | B8: 45582.649 | C8: 45582.653 | D8: 188.95.247.201 | E8: 360 | F8: completed | G8: Not Answered | H8: Not Answered | I8: Not Answered | J8: 433188881 | K8: weblink | L8: Not Answered | M8: Ruter/TET Digital | N8: Not Answered | O8: Not Answered | P8: Not Answered | Q8: Not Answered | R8: Ole Kristian Fjærestad | S8: Not Answered | T8: Not Answered | U8: Not Answered | V8: Not Answered | W8: Not Answered | X8: Not Answered | Y8: Not Answered | Z8: Not Answered | AA8: Not Answered | AB8: Not Answered | AC8: Not Answered | AD8: Not Answered | AE8: Not Answered | AF8: Not Answered | AG8: Svært fornøyd | AH8: För mig känns det som Ole Kristian inte bara tar design som facit, utan höjer arbetet och tänker ett steg längre. För mig är det ett signalement för en väldigt duktig utvecklare. Allt som jag sätt Ole kristian levererar är i hög klass. | AI8: I stor grad | AJ8: Absolut. | AK8: Litt fornøyd | AL8: Se min tidigare kommentar. Jag skulle gärna se (kanske i en framtid när mer är på plats) att Ole kristian delar med sig mer av sitt arbete bredare inom organisationen. Tror mycket av arbetet är väldigt uppskattat av utvecklare, men jag vill gärna att andra fag ser nyttan och kvaliteten. | AM8: Svært fornøyd | AN8: Ole kristian är superenkel att jobba med, Kommer med bra inspel och tankar. Alltid ett nöje att prata med och jag ser fram emot att sitta sammen med på kontoret. | AO8: Litt fornøyd | AP8: Se tidigare kommentar om detta, har som sagt inget direkt förhållande till Jpro | AQ8: 5 - star | AR8: Smakar det så kostar det. | AS8: Nej, inte nu
A9: 114716500340 | B9: 45585.557 | C9: 45585.558 | D9: 46.212.188.97 | E9: 123 | F9: completed | G9: Not Answered | H9: Not Answered | I9: Not Answered | J9: 433188881 | K9: weblink | L9: Not Answered | M9: NRK | N9: Not Answered | O9: Not Answered | P9: Not Answered | Q9: Not Answered | R9: Not Answered | S9: Not Answered | T9: Not Answered | U9: Audun Småge | V9: Not Answered | W9: Not Answered | X9: Not Answered | Y9: Not Answered | Z9: Not Answered | AA9: Not Answered | AB9: Not Answered | AC9: Not Answered | AD9: Not Answered | AE9: Not Answered | AF9: Not Answered | AG9: Svært fornøyd | AH9: Not Answered | AI9: I stor grad | AJ9: han er den på teamet med best kompetanse | AK9: Svært fornøyd | AL9: kjempefornøyd og håper å kunne få jobbe med ham veldig mye lengre! | AM9: Svært fornøyd | AN9: har likt alle konsulentene jeg har jobbet med og møtt fra JPro | AO9: Svært fornøyd | AP9: har ikke hatt veldig mye med dem direkte selv, bortsatt fra via Audun | AQ9: I stor grad | AR9: akkurat nå er han den jeg trenger mest på teamet, og det er verd prisen | AS9: Not Answered
A10: 114718049141 | B10: 45587.639 | C10: 45587.639 | D10: 195.18.187.143 | E10: 14 | F10: partial | G10: Not Answered | H10: Not Answered | I10: Not Answered | J10: 433188881 | K10: weblink | L10: Not Answered | M10: Statnett | N10: Not Answered | O10: Frode Roxrud Gill | P10: Not Answered | Q10: Not Answered | R10: Not Answered | S10: Not Answered | T10: Not Answered | U10: Not Answered | V10: Not Answered | W10: Not Answered | X10: Not Answered | Y10: Not Answered | Z10: Not Answered | AA10: Not Answered | AB10: Not Answered | AC10: Not Answered | AD10: Not Answered | AE10: Not Answered | AF10: Not Answered | AG10: Not Answered | AH10: Not Answered | AI10: Not Answered | AJ10: Not Answered | AK10: Not Answered | AL10: Not Answered | AM10: Not Answered | AN10: Not Answered | AO10: Not Answered | AP10: Not Answered | AQ10: Not Answered | AR10: Not Answered | AS10: Not Answered
A11: 114718079755 | B11: 45587.662 | C11: 45587.662 | D11: 195.18.187.144 | E11: 7 | F11: partial | G11: Not Answered | H11: Not Answered | I11: Not Answered | J11: 433188881 | K11: weblink | L11: Not Answered | M11: Statnett | N11: Not Answered | O11: Not Answered | P11: Not Answered | Q11: Not Answered | R11: Not Answered | S11: Not Answered | T11: Not Answered | U11: Not Answered | V11: Not Answered | W11: Not Answered | X11: Not Answered | Y11: Not Answered | Z11: Not Answered | AA11: Not Answered | AB11: Not Answered | AC11: Not Answered | AD11: Not Answered | AE11: Not Answered | AF11: Not Answered | AG11: Not Answered | AH11: Not Answered | AI11: Not Answered | AJ11: Not Answered | AK11: Not Answered | AL11: Not Answered | AM11: Not Answered | AN11: Not Answered | AO11: Not Answered | AP11: Not Answered | AQ11: Not Answered | AR11: Not Answered | AS11: Not Answered
A12: 114718956197 | B12: 45588.566 | C12: 45588.571 | D12: 81.166.197.7 | E12: 453 | F12: completed | G12: Not Answered | H12: Not Answered | I12: Not Answered | J12: 433188881 | K12: weblink | L12: Not Answered | M12: Aker Solutions | N12: Not Answered | O12: Not Answered | P12: Not Answered | Q12: Not Answered | R12: Not Answered | S12: Not Answered | T12: Not Answered | U12: Not Answered | V12: Not Answered | W12: Not Answered | X12: Not Answered | Y12: Michael Karén | Z12: Not Answered | AA12: Not Answered | AB12: Not Answered | AC12: Not Answered | AD12: Not Answered | AE12: Not Answered | AF12: Not Answered | AG12: Svært fornøyd | AH12: Veldig godt fornøyd med Michael's innsats. Han tar ansvar og bidrar aktivt med gode innspill, i motsetning til å 'bare gjøre som han får beskjed om'. | AI12: I stor grad | AJ12: Savner ingenting | AK12: Svært fornøyd | AL12: Vanskelig å kommentere direkte da jeg ikke er utvikler selv, men mitt inntrykk er at FE teamet jobber godt sammen | AM12: Svært fornøyd | AN12: Fungerer veldig bra. | AO12: Not Answered | AP12: Not Answered | AQ12: 5 - star | AR12: Har ikke innsyn i kostnader | AS12: Ingenting konkret.
A13: 114719061196 | B13: 45588.658 | C13: 45588.664 | D13: 195.18.187.143 | E13: 580 | F13: completed | G13: Not Answered | H13: Not Answered | I13: Not Answered | J13: 433188881 | K13: weblink | L13: Not Answered | M13: Statnett | N13: Not Answered | O13: Frode Roxrud Gill | P13: Not Answered | Q13: Not Answered | R13: Not Answered | S13: Not Answered | T13: Not Answered | U13: Not Answered | V13: Not Answered | W13: Not Answered | X13: Not Answered | Y13: Not Answered | Z13: Not Answered | AA13: Not Answered | AB13: Not Answered | AC13: Not Answered | AD13: Not Answered | AE13: Not Answered | AF13: Not Answered | AG13: Ganske fornøyd | AH13: Not Answered | AI13: 4 - star | AJ13: Måtte friske opp litt, lære seg noe nytt - men dette har gått bra og vi er fornøyde i dag. | AK13: Litt fornøyd | AL13: Har ikke hatt mulighet til å gjøre dette foreløpig, men kommer nå inn i e større team og vil kunne vise seg frem. Burde hatt en mulighet til å svare ikke aktuelt ;) | AM13: Svært fornøyd | AN13: Not Answered | AO13: Ganske fornøyd | AP13: Fornøyd med erstatning og prosessen rundt dette (var smidig). | AQ13: 4 - star | AR13: Vi leide inn en med litt annen kompetanse og konsulenten som nå bekler oppdraget har smalere kompetanse. Derfor er ikke forholdet mellom pris og leveranse like godt som det var opprinnelig. | AS13: Not Answered
... A40: 114756477385 | B40: 45637.398 | C40: 45637.399 | D40: 151.187.161.6 | E40: 72 | F40: completed | G40: Not Answered | H40: Not Answered | I40: Not Answered | J40: 433188881 | K40: weblink | L40: Not Answered | M40: Skatteetaten | N40: Rune Offerdal | O40: Not Answered | P40: Not Answered | Q40: Not Answered | R40: Not Answered | S40: Not Answered | T40: Not Answered | U40: Not Answered | V40: Not Answered | W40: Not Answered | X40: Not Answered | Y40: Not Answered | Z40: Not Answered | AA40: Not Answered | AB40: Not Answered | AC40: Not Answered | AD40: Not Answered | AE40: Not Answered | AF40: Not Answered | AG40: Svært fornøyd | AH40: Not Answered | AI40: I stor grad | AJ40: Not Answered | AK40: Svært fornøyd | AL40: Not Answered | AM40: Svært fornøyd | AN40: Not Answered | AO40: Not Answered | AP40: Not Answered | AQ40: 5 - star | AR40: Not Answered | AS40: Not Answered

Sheet Sheet6
A1: Response ID | B1: Date Created | C1: Date Modified | D1: IP Address | E1: Duration (sec) | F1: Response Status | G1: Email | H1: First Name | I1: Last Name | J1: Collector ID | K1: Collector Type | L1: Custom Value | M1: Konsulent | N1: Velg selskap/kunde | O1: Tilbakemeldingen gjelder | P1: Tilbakemeldingen gjelder | Q1: Tilbakemeldingen gjelder | R1: Tilbakemeldingen gjelder | S1: Tilbakemeldingen gjelder | T1: Tilbakemeldingen gjelder | U1: Tilbakemeldingen gjelder | V1: Tilbakemeldingen gjelder | W1: Tilbakemeldingen gjelder | X1: Tilbakemeldingen gjelder | Y1: Tilbakemeldingen gjelder | Z1: Tilbakemeldingen gjelder | AA1: Hvor godt fornøyd er du med det utførte arbeidet til konsulenten fra JProfessionals AS | AB1: Hvor godt fornøyd er du med det utførte arbeidet til konsulenten fra JProfessionals AS | Kommentar | AC1: Har konsulenten fra JProfessionals AS den nødvendige kompetansen for arbeidet dere trenger utført? | AD1: Har konsulenten fra JProfessionals AS den nødvendige kompetansen for arbeidet dere trenger utført? | Kommentar / Er det kompetanse du savner? | AE1: Hvor godt fornøyd er du med konsulenten fra JProfessionals AS sitt bidrag til kompetansedeling innad i ditt team/din organisasjon? | AF1: Hvor godt fornøyd er du med konsulenten fra JProfessionals AS sitt bidrag til kompetansedeling innad i ditt team/din organisasjon? | Kommentar | AG1: Hvor godt fornøyd er du med det generelle samarbeidet og kommunikasjonen med konsulenten fra JProfessionals AS? | AH1: Hvor godt fornøyd er du med det generelle samarbeidet og kommunikasjonen med konsulenten fra JProfessionals AS? | Kommentar | AI1: Hvor godt fornøyd er du med oppfølgingen fra, og samarbeidet med, JProfessionals AS? (valgfritt) - Om JProfessionals ikke er leverandøren du forholder deg til kan du se bort fra dette spørsmålet. | AJ1: Hvor godt fornøyd er du med oppfølgingen fra, og samarbeidet med, JProfessionals AS? (valgfritt) - Om JProfessionals ikke er leverandøren du forholder deg til kan du se bort fra dette spørsmålet. | Kommentar | AK1: I hvor stor grad synes du at kostnaden for konsulenten fra JProfessionals AS er verdt nytten de tilfører din organisasjon? | AL1: I hvor stor grad synes du at kostnaden for konsulenten fra JProfessionals AS er verdt nytten de tilfører din organisasjon? | Kommentar | AM1: Er det ytterligere områder eller tjenester du ser behov for bistand til?
A2: 114435056470 | B2: 45211.553 | C2: 45211.553 | D2: 78.82.46.215 | E2: 10 | F2: partial | G2: Not Answered | H2: Not Answered | I2: Not Answered | J2: 427821263 | K2: weblink | L2: Not Answered | M2: Not Answered | N2: Tolletaten | O2: Not Answered | P2: Not Answered | Q2: Not Answered | R2: Not Answered | S2: Not Answered | T2: Not Answered | U2: Not Answered | V2: Not Answered | W2: Not Answered | X2: Not Answered | Y2: Not Answered | Z2: Not Answered | AA2: Not Answered | AB2: Not Answered | AC2: Not Answered | AD2: Not Answered | AE2: Not Answered | AF2: Not Answered | AG2: Not Answered | AH2: Not Answered | AI2: Not Answered | AJ2: Not Answered | AK2: Not Answered | AL2: Not Answered | AM2: Not Answered
A3: 114452562205 | B3: 45232.449 | C3: 45232.451 | D3: 80.203.100.46 | E3: 127 | F3: completed | G3: Not Answered | H3: Not Answered | I3: Not Answered | J3: 427821263 | K3: weblink | L3: Not Answered | M3: Not Answered | N3: NAV | O3: Not Answered | P3: Not Answered | Q3: Not Answered | R3: Not Answered | S3: Not Answered | T3: Not Answered | U3: Not Answered | V3: Not Answered | W3: Not Answered | X3: Not Answered | Y3: Not Answered | Z3: Håvard Andersen | AA3: Svært fornøyd | AB3: Not Answered | AC3: I stor grad | AD3: Not Answered | AE3: Svært fornøyd | AF3: Not Answered | AG3: Svært fornøyd | AH3: Not Answered | AI3: Not Answered | AJ3: Not Answered | AK3: 5 - star | AL3: Not Answered | AM3: Not Answered
A4: 114452629995 | B4: 45232.521 | C4: 45232.528 | D4: 155.55.51.185 | E4: 631 | F4: completed | G4: Not Answered | H4: Not Answered | I4: Not Answered | J4: 427821263 | K4: weblink | L4: Not Answered | M4: Not Answered | N4: NAV | O4: Not Answered | P4: Not Answered | Q4: Not Answered | R4: Not Answered | S4: Not Answered | T4: Not Answered | U4: Not Answered | V4: Not Answered | W4: Not Answered | X4: Not Answered | Y4: Not Answered | Z4: Ingleiv Johansen | AA4: Svært fornøyd | AB4: Not Answered | AC4: I stor grad | AD4: Not Answered | AE4: Svært fornøyd | AF4: Opplever Ingleiv som en person som er flink til å dele generelt og opptatt av å formidle sin kompetanse på en måte som resten av teamet forstår | AG4: Svært fornøyd | AH4: Ingleiv er en veldig positiv og løsningsorientert person som er lett å samarbeide med. | AI4: Not Answered | AJ4: Not Answered | AK4: 5 - star | AL4: Opplever at Ingleiv er vel verdt kostnaden. | AM4: Not Answered
A5: 114455711454 | B5: 45236.327 | C5: 45236.34 | D5: 155.55.51.185 | E5: 1075 | F5: completed | G5: Not Answered | H5: Not Answered | I5: Not Answered | J5: 427821263 | K5: weblink | L5: Not Answered | M5: Not Answered | N5: NAV | O5: Not Answered | P5: Not Answered | Q5: Not Answered | R5: Not Answered | S5: Not Answered | T5: Not Answered | U5: Not Answered | V5: Not Answered | W5: Not Answered | X5: Not Answered | Y5: Not Answered | Z5: Espen Schei | AA5: Svært fornøyd | AB5: Espen utfører arbeidet på en svært god måte. Han er fremoverlent, løsningsorientert, proaktiv og ikke minst, leverer svært høy kvalitet. Han er en viktig driver i teamet og en viktig nøkkelperson for mange av våre problemstillinger. | AC5: I stor grad | AD5: Jeg opplever at han har kompetansen vi trenger for at han skal utføre oppdraget, og de riktige egenskapene til å sette seg inn i bredden og kompleksiteten i faget vi har som oppdrag å levere på. | AE5: Svært fornøyd | AF5: Jeg opplever at Espen deler, diskuter og reflekterer godt over valgt om løsninger og deler det aktivt med teamet. | AG5: Svært fornøyd | AH5: Jeg opplever at vi har en god og åpen dialog, og at samarbeidet fungerer godt. Espen er enkel å prate med og gjør seg noen gode betrakninger når vi diskuterer arbeidet. | AI5: Not Answered | AJ5: Not Answered | AK5: I stor grad | AL5: Espen er en av våre viktigste pådrivere og har bidratt utrolig mye for at vi skal komme i mål med oppdraget (reform) vårt innen deadline. | AM5: Not Answered
A6: 114457987830 | B6: 45238.426 | C6: 45238.441 | D6: 84.214.218.29 | E6: 1270 | F6: completed | G6: Not Answered | H6: Not Answered | I6: Not Answered | J6: 427821263 | K6: weblink | L6: Not Answered | M6: Not Answered | N6: NAV | O6: Not Answered | P6: Not Answered | Q6: Not Answered | R6: Not Answered | S6: Not Answered | T6: Not Answered | U6: Not Answered | V6: Not Answered | W6: Not Answered | X6: Not Answered | Y6: Not Answered | Z6: Anton Fofanov | AA6: Svært fornøyd | AB6: Not Answered | AC6: I stor grad | AD6: Anton har god kompetanse og leverer godt på alle områder. Hvis han får en vanskelig problemstilling så er han god på å tilegne seg kompetanse på teknologien og domenet og får arbeidet godt utført. | AE6: Ganske fornøyd | AF6: Anton er god på å diskutere samt dele kompetanse i sitt team og i organisasjonen. | AG6: Svært fornøyd | AH6: Not Answered | AI6: Not Answered | AJ6: Not Answered | AK6: 5 - star | AL6: Konsulenter er dyrt, men Anton har levert godt på alle arbeidsoppgaver han har fått. | AM6: Not Answered
A7: 114432085003 | B7: 45208.513 | C7: 45208.514 | D7: 195.18.187.144 | E7: 122 | F7: completed | G7: Not Answered | H7: Not Answered | I7: Not Answered | J7: 427944757 | K7: weblink | L7: Not Answered | M7: Not Answered | N7: Statnett | O7: Not Answered | P7: Dejan Maric | Q7: Not Answered | R7: Not Answered | S7: Not Answered | T7: Not Answered | U7: Not Answered | V7: Not Answered | W7: Not Answered | X7: Not Answered | Y7: Not Answered | Z7: Not Answered | AA7: Svært fornøyd | AB7: Not Answered | AC7: I stor grad | AD7: Not Answered | AE7: Svært fornøyd | AF7: Not Answered | AG7: Svært fornøyd | AH7: Not Answered | AI7: Not Answered | AJ7: Not Answered | AK7: 5 - star | AL7: Not Answered | AM7: Not Answered
A8: 114432951788 | B8: 45209.455 | C8: 45209.457 | D8: 160.67.51.32 | E8: 221 | F8: completed | G8: Not Answered | H8: Not Answered | I8: Not Answered | J8: 427944757 | K8: weblink | L8: Not Answered | M8: Not Answered | N8: NRK | O8: Not Answered | P8: Not Answered | Q8: Not Answered | R8: Not Answered | S8: Not Answered | T8: Not Answered | U8: Not Answered | V8: Audun Småge | W8: Not Answered | X8: Not Answered | Y8: Not Answered | Z8: Not Answered | AA8: Svært fornøyd | AB8: hyggelig å jobbe med, flink i de han gjør, viser at han bryr seg om å lage best mulig løsning for NRK. Ressurs og støttespiller inn i teamet som nå har en rekke nye ansatte. Hyggelig, rolig og omgjengelig. | AC8: I stor grad | AD8: han har absolutt riktig kompetanse for dette teamet, og vil bli savnet når han forsvinner til andre kunder | AE8: Svært fornøyd | AF8: deler kompetanse både i møter, i diskusjoner, gjennom codereview og eller der det er naturlig. Lett å spørre om hjelp. | AG8: Svært fornøyd | AH8: velig fornøyd! | AI8: Not Answered | AJ8: Not Answered | AK8: I stor grad | AL8: Not Answered | AM8: Not Answered
A9: 114433028131 | B9: 45209.553 | C9: 45209.556 | D9: 160.67.1.133 | E9: 213 | F9: completed | G9: Not Answered | H9: Not Answered | I9: Not Answered | J9: 427944757 | K9: weblink | L9: Not Answered | M9: Not Answered | N9: NRK | O9: Not Answered | P9: Not Answered | Q9: Not Answered | R9: Not Answered | S9: Not Answered | T9: Not Answered | U9: Not Answered | V9: Christian Wiik | W9: Not Answered | X9: Not Answered | Y9: Not Answered | Z9: Not Answered | AA9: Svært fornøyd | AB9: veldig fornøyd med utført arbeid og med konsulenten. Han tar ansvar, er en viktig spiller i teamet, sier fra dersom det er noe som kan forbedres, kjenner god til løsningen og er en meget viktig person for teamet og NRK | AC9: I stor grad | AD9: Absolutt nødvendig kompetanse og er en ressurs i teamet - spesielt nå når vi har flere nye i teamet | AE9: Svært fornøyd | AF9: god på å dele kompetanse, enten en-til-en, i parprogrammering, eller i større fora. Skal nå også dele større ting vi har gjort i teamet med hele teknologidivisjonen i NRK. | AG9: Svært fornøyd | AH9: Meget fornøyd med det generelle arbeidet og alt i alt innstillingen til Christian. Han blir savnet når han en dag går videre til neste oppdrag. | AI9: Not Answered | AJ9: Not Answered | AK9: I stor grad | AL9: Not Answered | AM9: Not Answered
A10: 114433974193 | B10: 45210.446 | C10: 45210.447 | D10: 78.41.46.2 | E10: 58 | F10: completed | G10: Not Answered | H10: Not Answered | I10: Not Answered | J10: 427944757 | K10: weblink | L10: Not Answered | M10: Not Answered | N10: Digitaliseringsdirektoratet | O10: Not Answered | P10: Not Answered | Q10: Not Answered | R10: Not Answered | S10: Not Answered | T10: Not Answered | U10: Not Answered | V10: Not Answered | W10: Not Answered | X10: Not Answered | Y10: Anne Marte Hjemås | Z10: Not Answered | AA10: Svært fornøyd | AB10: Not Answered | AC10: I stor grad | AD10: Not Answered | AE10: Ganske fornøyd | AF10: Not Answered | AG10: Svært fornøyd | AH10: Not Answered | AI10: Litt fornøyd | AJ10: Not Answered | AK10: 4 - star | AL10: Not Answered | AM10: Not Answered
A11: 114433974925 | B11: 45210.447 | C11: 45210.448 | D11: 78.41.46.2 | E11: 44 | F11: completed | G11: Not Answered | H11: Not Answered | I11: Not Answered | J11: 427944757 | K11: weblink | L11: Not Answered | M11: Not Answered | N11: Digitaliseringsdirektoratet | O11: Not Answered | P11: Not Answered | Q11: Not Answered | R11: Not Answered | S11: Not Answered | T11: Not Answered | U11: Not Answered | V11: Not Answered | W11: Not Answered | X11: Not Answered | Y11: Frode Bjerkholt | Z11: Not Answered | AA11: Svært fornøyd | AB11: Not Answered | AC11: I stor grad | AD11: Not Answered | AE11: Ganske fornøyd | AF11: Not Answered | AG11: Ganske fornøyd | AH11: Not Answered | AI11: Litt fornøyd | AJ11: Not Answered | AK11: 4 - star | AL11: Not Answered | AM11: Not Answered
A12: 114433975481 | B12: 45210.448 | C12: 45210.448 | D12: 78.41.46.2 | E12: 57 | F12: completed | G12: Not Answered | H12: Not Answered | I12: Not Answered | J12: 427944757 | K12: weblink | L12: Not Answered | M12: Not Answered | N12: Digitaliseringsdirektoratet | O12: Not Answered | P12: Not Answered | Q12: Not Answered | R12: Not Answered | S12: Not Answered | T12: Not Answered | U12: Not Answered | V12: Not Answered | W12: Not Answered | X12: Not Answered | Y12: Aase Mestad | Z12: Not Answered | AA12: Ganske fornøyd | AB12: Not Answered | AC12: 5 - star | AD12: Not Answered | AE12: Ganske fornøyd | AF12: Not Answered | AG12: Svært fornøyd | AH12: Not Answered | AI12: Litt fornøyd | AJ12: Not Answered | AK12: 4 - star | AL12: Not Answered | AM12: Not Answered
A13: 114433976163 | B13: 45210.448 | C13: 45210.449 | D13: 78.41.46.2 | E13: 88 | F13: completed | G13: Not Answered | H13: Not Answered | I13: Not Answered | J13: 427944757 | K13: weblink | L13: Not Answered | M13: Not Answered | N13: Digitaliseringsdirektoratet | O13: Not Answered | P13: Not Answered | Q13: Not Answered | R13: Not Answered | S13: Not Answered | T13: Not Answered | U13: Not Answered | V13: Not Answered | W13: Not Answered | X13: Not Answered | Y13: Bjørn Aron Josefsen | Z13: Not Answered | AA13: Litt fornøyd | AB13: Høg kvalitet, men utfordrande samhandling. Kjent og akseptert | AC13: 5 - star | AD13: Not Answered | AE13: Litt fornøyd | AF13: Not Answered | AG13: Litt fornøyd | AH13: Not Answered | AI13: Litt fornøyd | AJ13: Not Answered | AK13: 2 - star | AL13: Not Answered | AM13: Not Answered
... A26: 114456037685 | B26: 45236.643 | C26: 45236.645 | D26: 188.240.90.2 | E26: 108 | F26: completed | G26: Not Answered | H26: Not Answered | I26: Not Answered | J26: 427944757 | K26: weblink | L26: Not Answered | M26: Not Answered | N26: Tolletaten | O26: Not Answered | P26: Not Answered | Q26: Petter Kristiansen | R26: Not Answered | S26: Not Answered | T26: Not Answered | U26: Not Answered | V26: Not Answered | W26: Not Answered | X26: Not Answered | Y26: Not Answered | Z26: Not Answered | AA26: Svært fornøyd | AB26: Not Answered | AC26: I stor grad | AD26: Not Answered | AE26: Svært fornøyd | AF26: Flink til å inkludere og involvere, samt dele av kompetanse | AG26: Svært fornøyd | AH26: Not Answered | AI26: Not Answered | AJ26: Ikke hatt noen dialog utover konsulentene vi har innleid. Så N/A | AK26: I stor grad | AL26: Not Answered | AM26: Not Answered

Sheet mapping
A1: tekst | B1: verdi
A2: Svært misfornøyd | B2: 1
A3: Ganske misfornøyd | B3: 2
A4: Litt misfornøyd | B4: 3
A5: Litt fornøyd | B5: 4
A6: Ganske fornøyd | B6: 5
A7: Svært fornøyd | B7: 6
A8: I liten grad | B8: 1
A9: 2 - star | B9: 2
A10: 3 - star | B10: 3
A11: 4 - star | B11: 4
A12: 5 - star | B12: 5
A13: I stor grad | B13: 6
A14: Not Answered
A15: Ganske fornøyd | B15: 5

Sheet konsulenter
A1: Hans-Petter Vadseth | B1: hp@jpro.no | D1: Manuelt lagt til
A2: Georg Lundesgaard | B2: georg@jpro.no
A5: =IFERROR(__xludf.DUMMYFUNCTION("QUERY(IMPORTRANGE(""https://docs.google.com/spreadsheets/d/1a0Vn8VuzQrdl0jyTLCpfh1956x3u7fUgYxhNH26Dhrk/edit#gid=0"",""Alle!A2:G""), ""select Col1,Col2 where Col1 is not null and Col6 is not null and Col2 is not null order by Col1 "", false)"),"#REF!") -> #REF!

Sheet transform - 2024
A1: =IFERROR(__xludf.DUMMYFUNCTION("query('Kundetilfredshetsundersøkelse -'!A:AS,""select * where Col6 = 'completed'"",true)"),"Response ID") -> Response ID | B1: =IFERROR(__xludf.DUMMYFUNCTION("""COMPUTED_VALUE"""),"Date Created") -> Date Created | C1: =IFERROR(__xludf.DUMMYFUNCTION("""COMPUTED_VALUE"""),"Date Modified") -> Date Modified | D1: =IFERROR(__xludf.DUMMYFUNCTION("""COMPUTED_VALUE"""),"IP Address") -> IP Address | E1: =IFERROR(__xludf.DUMMYFUNCTION("""COMPUTED_VALUE"""),"Duration (sec)") -> Duration (sec) | F1: =IFERROR(__xludf.DUMMYFUNCTION("""COMPUTED_VALUE"""),"Response Status") -> Response Status | G1: =IFERROR(__xludf.DUMMYFUNCTION("""COMPUTED_VALUE"""),"Email") -> Email | H1: =IFERROR(__xludf.DUMMYFUNCTION("""COMPUTED_VALUE"""),"First Name") -> First Name | I1: =IFERROR(__xludf.DUMMYFUNCTION("""COMPUTED_VALUE"""),"Last Name") -> Last Name | J1: =IFERROR(__xludf.DUMMYFUNCTION("""COMPUTED_VALUE"""),"Collector ID") -> Collector ID | K1: =IFERROR(__xludf.DUMMYFUNCTION("""COMPUTED_VALUE"""),"Collector Type") -> Collector Type | L1: =IFERROR(__xludf.DUMMYFUNCTION("""COMPUTED_VALUE"""),"Custom Value") -> Custom Value | M1: =IFERROR(__xludf.DUMMYFUNCTION("""COMPUTED_VALUE"""),"Velg selskap/kunde") -> Velg selskap/kunde | N1: =IFERROR(__xludf.DUMMYFUNCTION("""COMPUTED_VALUE"""),"Tilbakemeldingen gjelder") -> Tilbakemeldingen gjelder | O1: =IFERROR(__xludf.DUMMYFUNCTION("""COMPUTED_VALUE"""),"Tilbakemeldingen gjelder") -> Tilbakemeldingen gjelder | P1: =IFERROR(__xludf.DUMMYFUNCTION("""COMPUTED_VALUE"""),"Tilbakemeldingen gjelder") -> Tilbakemeldingen gjelder | Q1: =IFERROR(__xludf.DUMMYFUNCTION("""COMPUTED_VALUE"""),"Tilbakemeldingen gjelder") -> Tilbakemeldingen gjelder | R1: =IFERROR(__xludf.DUMMYFUNCTION("""COMPUTED_VALUE"""),"Tilbakemeldingen gjelder") -> Tilbakemeldingen gjelder | S1: =IFERROR(__xludf.DUMMYFUNCTION("""COMPUTED_VALUE"""),"Tilbakemeldingen gjelder") -> Tilbakemeldingen gjelder | T1: =IFERROR(__xludf.DUMMYFUNCTION("""COMPUTED_VALUE"""),"Tilbakemeldingen gjelder") -> Tilbakemeldingen gjelder | U1: =IFERROR(__xludf.DUMMYFUNCTION("""COMPUTED_VALUE"""),"Tilbakemeldingen gjelder") -> Tilbakemeldingen gjelder | ... AF1: =IFERROR(__xludf.DUMMYFUNCTION("""COMPUTED_VALUE"""),"Tilbakemeldingen gjelder") -> Tilbakemeldingen gjelder | AG1: =IFERROR(__xludf.DUMMYFUNCTION("""COMPUTED_VALUE"""),"Hvor godt fornøyd er du med det utførte arbeidet til konsulenten fra JProfessionals AS") -> Hvor godt fornøyd er du med det utførte arbeidet til konsulenten fra JProfessionals AS | AH1: =IFERROR(__xludf.DUMMYFUNCTION("""COMPUTED_VALUE"""),"Hvor godt fornøyd er du med det utførte arbeidet til konsulenten fra JProfessionals AS | Kommentar") -> Hvor godt fornøyd er du med det utførte arbeidet til konsulenten fra JProfessionals AS | Kommentar | AI1: =IFERROR(__xludf.DUMMYFUNCTION("""COMPUTED_VALUE"""),"Har konsulenten fra JProfessionals AS den nødvendige kompetansen for arbeidet dere trenger utført?") -> Har konsulenten fra JProfessionals AS den nødvendige kompetansen for arbeidet dere trenger utført? | AJ1: =IFERROR(__xludf.DUMMYFUNCTION("""COMPUTED_VALUE"""),"Har konsulenten fra JProfessionals AS den nødvendige kompetansen for arbeidet dere trenger utført? | Kommentar / Er det kompetanse du savner?") -> Har konsulenten fra JProfessionals AS den nødvendige kompetansen for arbeidet dere trenger utført? | Kommentar / Er det kompetanse du savner? | AK1: =IFERROR(__xludf.DUMMYFUNCTION("""COMPUTED_VALUE"""),"Hvor godt fornøyd er du med konsulenten fra JProfessionals AS sitt bidrag til kompetansedeling innad i ditt team/din organisasjon?") -> Hvor godt fornøyd er du med konsulenten fra JProfessionals AS sitt bidrag til kompetansedeling innad i ditt team/din organisasjon? | AL1: =IFERROR(__xludf.DUMMYFUNCTION("""COMPUTED_VALUE"""),"Hvor godt fornøyd er du med konsulenten fra JProfessionals AS sitt bidrag til kompetansedeling innad i ditt team/din organisasjon? | Kommentar") -> Hvor godt fornøyd er du med konsulenten fra JProfessionals AS sitt bidrag til kompetansedeling innad i ditt team/din organisasjon? | Kommentar | AM1: =IFERROR(__xludf.DUMMYFUNCTION("""COMPUTED_VALUE"""),"Hvor godt fornøyd er du med det generelle samarbeidet og kommunikasjonen med konsulenten fra JProfessionals AS?") -> Hvor godt fornøyd er du med det generelle samarbeidet og kommunikasjonen med konsulenten fra JProfessionals AS? | AN1: =IFERROR(__xludf.DUMMYFUNCTION("""COMPUTED_VALUE"""),"Hvor godt fornøyd er du med det generelle samarbeidet og kommunikasjonen med konsulenten fra JProfessionals AS? | Kommentar") -> Hvor godt fornøyd er du med det generelle samarbeidet og kommunikasjonen med konsulenten fra JProfessionals AS? | Kommentar | AO1: =IFERROR(__xludf.DUMMYFUNCTION("""COMPUTED_VALUE"""),"Hvor godt fornøyd er du med oppfølgingen fra, og samarbeidet med, JProfessionals AS? (valgfritt) - Om JProfessionals ikke er leverandøren du forholder deg til kan du se bort fra dette spørsmålet.") -> Hvor godt fornøyd er du med oppfølgingen fra, og samarbeidet med, JProfessionals AS? (valgfritt) - Om JProfessionals ikke er leverandøren du forholder deg til kan du se bort fra dette spørsmålet. | AP1: =IFERROR(__xludf.DUMMYFUNCTION("""COMPUTED_VALUE"""),"Hvor godt fornøyd er du med oppfølgingen fra, og samarbeidet med, JProfessionals AS? (valgfritt) - Om JProfessionals ikke er leverandøren du forholder deg til kan du se bort fra dette spørsmålet. | Kommentar") -> Hvor godt fornøyd er du med oppfølgingen fra, og samarbeidet med, JProfessionals AS? (valgfritt) - Om JProfessionals ikke er leverandøren du forholder deg til kan du se bort fra dette spørsmålet. | Kommentar | AQ1: =IFERROR(__xludf.DUMMYFUNCTION("""COMPUTED_VALUE"""),"I hvor stor grad synes du at kostnaden for konsulenten fra JProfessionals AS er verdt nytten de tilfører din organisasjon?") -> I hvor stor grad synes du at kostnaden for konsulenten fra JProfessionals AS er verdt nytten de tilfører din organisasjon? | AR1: =IFERROR(__xludf.DUMMYFUNCTION("""COMPUTED_VALUE"""),"I hvor stor grad synes du at kostnaden for konsulenten fra JProfessionals AS er verdt nytten de tilfører din organisasjon? | Kommentar") -> I hvor stor grad synes du at kostnaden for konsulenten fra JProfessionals AS er verdt nytten de tilfører din organisasjon? | Kommentar | AS1: =IFERROR(__xludf.DUMMYFUNCTION("""COMPUTED_VALUE"""),"Er det ytterligere områder eller tjenester du ser behov for bistand til?") -> Er det ytterligere områder eller tjenester du ser behov for bistand til? | AT1: Dato | AU1: Kunde | AV1: Konsulent | AW1: epost | AX1: =AG1 -> Hvor godt fornøyd er du med det utførte arbeidet til konsulenten fra JProfessionals AS | AY1: =AH1 -> Hvor godt fornøyd er du med det utførte arbeidet til konsulenten fra JProfessionals AS | Kommentar | AZ1: =AI1 -> Har konsulenten fra JProfessionals AS den nødvendige kompetansen for arbeidet dere trenger utført? | BA1: =AJ1 -> Har konsulenten fra JProfessionals AS den nødvendige kompetansen for arbeidet dere trenger utført? | Kommentar / Er det kompetanse du savner? | BB1: =AK1 -> Hvor godt fornøyd er du med konsulenten fra JProfessionals AS sitt bidrag til kompetansedeling innad i ditt team/din organisasjon? | BC1: =AL1 -> Hvor godt fornøyd er du med konsulenten fra JProfessionals AS sitt bidrag til kompetansedeling innad i ditt team/din organisasjon? | Kommentar | BD1: =AM1 -> Hvor godt fornøyd er du med det generelle samarbeidet og kommunikasjonen med konsulenten fra JProfessionals AS? | BE1: =AN1 -> Hvor godt fornøyd er du med det generelle samarbeidet og kommunikasjonen med konsulenten fra JProfessionals AS? | Kommentar | ... BJ1: =AS1 -> Er det ytterligere områder eller tjenester du ser behov for bistand til?
A2: =IFERROR(__xludf.DUMMYFUNCTION("""COMPUTED_VALUE"""),1.14735374663E11) -> 114735374663 | B2: =IFERROR(__xludf.DUMMYFUNCTION("""COMPUTED_VALUE"""),45609.534421296295) -> 45609.534 | C2: =IFERROR(__xludf.DUMMYFUNCTION("""COMPUTED_VALUE"""),45609.53721064815) -> 45609.537 | D2: =IFERROR(__xludf.DUMMYFUNCTION("""COMPUTED_VALUE"""),"62.92.224.122") -> 62.92.224.122 | E2: =IFERROR(__xludf.DUMMYFUNCTION("""COMPUTED_VALUE"""),240.0) -> 240 | F2: =IFERROR(__xludf.DUMMYFUNCTION("""COMPUTED_VALUE"""),"completed") -> completed | G2: =IFERROR(__xludf.DUMMYFUNCTION("""COMPUTED_VALUE"""),"Not Answered") -> Not Answered | H2: =IFERROR(__xludf.DUMMYFUNCTION("""COMPUTED_VALUE"""),"Not Answered") -> Not Answered | I2: =IFERROR(__xludf.DUMMYFUNCTION("""COMPUTED_VALUE"""),"Not Answered") -> Not Answered | J2: =IFERROR(__xludf.DUMMYFUNCTION("""COMPUTED_VALUE"""),4.33598082E8) -> 433598082 | K2: =IFERROR(__xludf.DUMMYFUNCTION("""COMPUTED_VALUE"""),"weblink") -> weblink | L2: =IFERROR(__xludf.DUMMYFUNCTION("""COMPUTED_VALUE"""),"Not Answered") -> Not Answered | M2: =IFERROR(__xludf.DUMMYFUNCTION("""COMPUTED_VALUE"""),"Husbanken") -> Husbanken | N2: =IFERROR(__xludf.DUMMYFUNCTION("""COMPUTED_VALUE"""),"Not Answered") -> Not Answered | O2: =IFERROR(__xludf.DUMMYFUNCTION("""COMPUTED_VALUE"""),"Not Answered") -> Not Answered | P2: =IFERROR(__xludf.DUMMYFUNCTION("""COMPUTED_VALUE"""),"Not Answered") -> Not Answered | Q2: =IFERROR(__xludf.DUMMYFUNCTION("""COMPUTED_VALUE"""),"Not Answered") -> Not Answered | R2: =IFERROR(__xludf.DUMMYFUNCTION("""COMPUTED_VALUE"""),"Not Answered") -> Not Answered | S2: =IFERROR(__xludf.DUMMYFUNCTION("""COMPUTED_VALUE"""),"Not Answered") -> Not Answered | T2: =IFERROR(__xludf.DUMMYFUNCTION("""COMPUTED_VALUE"""),"Not Answered") -> Not Answered | U2: =IFERROR(__xludf.DUMMYFUNCTION("""COMPUTED_VALUE"""),"Not Answered") -> Not Answered | V2: =IFERROR(__xludf.DUMMYFUNCTION("""COMPUTED_VALUE"""),"Not Answered") -> Not Answered | W2: =IFERROR(__xludf.DUMMYFUNCTION("""COMPUTED_VALUE"""),"Terje Wallem") -> Terje Wallem | X2: =IFERROR(__xludf.DUMMYFUNCTION("""COMPUTED_VALUE"""),"Not Answered") -> Not Answered | Y2: =IFERROR(__xludf.DUMMYFUNCTION("""COMPUTED_VALUE"""),"Not Answered") -> Not Answered | Z2: =IFERROR(__xludf.DUMMYFUNCTION("""COMPUTED_VALUE"""),"Not Answered") -> Not Answered | AA2: =IFERROR(__xludf.DUMMYFUNCTION("""COMPUTED_VALUE"""),"Not Answered") -> Not Answered | AB2: =IFERROR(__xludf.DUMMYFUNCTION("""COMPUTED_VALUE"""),"Not Answered") -> Not Answered | AC2: =IFERROR(__xludf.DUMMYFUNCTION("""COMPUTED_VALUE"""),"Not Answered") -> Not Answered | AD2: =IFERROR(__xludf.DUMMYFUNCTION("""COMPUTED_VALUE"""),"Not Answered") -> Not Answered | AE2: =IFERROR(__xludf.DUMMYFUNCTION("""COMPUTED_VALUE"""),"Not Answered") -> Not Answered | AF2: =IFERROR(__xludf.DUMMYFUNCTION("""COMPUTED_VALUE"""),"Not Answered") -> Not Answered | AG2: =IFERROR(__xludf.DUMMYFUNCTION("""COMPUTED_VALUE"""),"Svært fornøyd") -> Svært fornøyd | AH2: =IFERROR(__xludf.DUMMYFUNCTION("""COMPUTED_VALUE"""),"Not Answered") -> Not Answered | AI2: =IFERROR(__xludf.DUMMYFUNCTION("""COMPUTED_VALUE"""),"I stor grad") -> I stor grad | AJ2: =IFERROR(__xludf.DUMMYFUNCTION("""COMPUTED_VALUE"""),"Not Answered") -> Not Answered | AK2: =IFERROR(__xludf.DUMMYFUNCTION("""COMPUTED_VALUE"""),"Svært fornøyd") -> Svært fornøyd | AL2: =IFERROR(__xludf.DUMMYFUNCTION("""COMPUTED_VALUE"""),"Not Answered") -> Not Answered | AM2: =IFERROR(__xludf.DUMMYFUNCTION("""COMPUTED_VALUE"""),"Svært fornøyd") -> Svært fornøyd | AN2: =IFERROR(__xludf.DUMMYFUNCTION("""COMPUTED_VALUE"""),"Not Answered") -> Not Answered | AO2: =IFERROR(__xludf.DUMMYFUNCTION("""COMPUTED_VALUE"""),"Svært fornøyd") -> Svært fornøyd | AP2: =IFERROR(__xludf.DUMMYFUNCTION("""COMPUTED_VALUE"""),"(Overhuset) Ikke vært så mye dialog, men mangler ikke noe :-)") -> (Overhuset) Ikke vært så mye dialog, men mangler ikke noe :-) | AQ2: =IFERROR(__xludf.DUMMYFUNCTION("""COMPUTED_VALUE"""),"5 - star") -> 5 - star | AR2: =IFERROR(__xludf.DUMMYFUNCTION("""COMPUTED_VALUE"""),"Not Answered") -> Not Answered | AS2: =IFERROR(__xludf.DUMMYFUNCTION("""COMPUTED_VALUE"""),"Not Answered") -> Not Answered | AT2: =if(ISNUMBER(A2),B2,) -> 45609.534 | AU2: =if(ISNUMBER(A2),M2,) -> Husbanken | AV2: =IFERROR(__xludf.DUMMYFUNCTION("if(ISNUMBER(A2),FILTER(N2:AF2,REGEXMATCH(N2:AF2, ""Not Answered"")=FALSE),)"),"Terje Wallem") -> Terje Wallem | AW2: =if(ISNUMBER($C2), VLOOKUP(AV2, konsulenter!$A$1:$B99,2,false),) -> #N/A | AX2: =if(ISNUMBER($C2), VLOOKUP(AG2, mapping!$A$2:$B99,2,false),) -> 6 | AY2: =if(ISNUMBER($C2), IF(AH2="Not Answered","-",AH2),) -> - | AZ2: =if(ISNUMBER($C2), VLOOKUP(AI2, mapping!$A$2:$B99,2,false),) -> 6 | BA2: =if(ISNUMBER($C2), IF(AJ2="Not Answered","-",AJ2),) -> - | BB2: =if(ISNUMBER($C2), VLOOKUP(AK2, mapping!$A$2:$B99,2,false),) -> 6 | BC2: =if(ISNUMBER($C2), IF(AL2="Not Answered","-",AL2),) -> - | BD2: =if(ISNUMBER($C2), VLOOKUP(AM2, mapping!$A$2:$B99,2,false),) -> 6 | BE2: =if(ISNUMBER($C2), IF(AN2="Not Answered","-",AN2),) -> - | BF2: =if(ISNUMBER($C2), VLOOKUP(AO2, mapping!$A$2:$B99,2,false),) -> 6 | BG2: =if(ISNUMBER($C2), IF(AP2="Not Answered","-",AP2),) -> (Overhuset) Ikke vært så mye dialog, men mangler ikke noe :-) | BH2: =if(ISNUMBER($C2), VLOOKUP(AQ2, mapping!$A$2:$B99,2,false),) -> 5 | BI2: =if(ISNUMBER($C2), IF(AR2="Not Answered","-",AR2),) -> - | BJ2: =if(ISNUMBER($C2), IF(AS2="Not Answered","-",AS2),) -> -
A3: =IFERROR(__xludf.DUMMYFUNCTION("""COMPUTED_VALUE"""),1.14714414449E11) -> 114714414449 | B3: =IFERROR(__xludf.DUMMYFUNCTION("""COMPUTED_VALUE"""),45582.54043981481) -> 45582.54 | C3: =IFERROR(__xludf.DUMMYFUNCTION("""COMPUTED_VALUE"""),45582.541354166664) -> 45582.541 | D3: =IFERROR(__xludf.DUMMYFUNCTION("""COMPUTED_VALUE"""),"81.175.27.28") -> 81.175.27.28 | E3: =IFERROR(__xludf.DUMMYFUNCTION("""COMPUTED_VALUE"""),79.0) -> 79 | F3: =IFERROR(__xludf.DUMMYFUNCTION("""COMPUTED_VALUE"""),"completed") -> completed | G3: =IFERROR(__xludf.DUMMYFUNCTION("""COMPUTED_VALUE"""),"Not Answered") -> Not Answered | H3: =IFERROR(__xludf.DUMMYFUNCTION("""COMPUTED_VALUE"""),"Not Answered") -> Not Answered | I3: =IFERROR(__xludf.DUMMYFUNCTION("""COMPUTED_VALUE"""),"Not Answered") -> Not Answered | J3: =IFERROR(__xludf.DUMMYFUNCTION("""COMPUTED_VALUE"""),4.33188881E8) -> 433188881 | K3: =IFERROR(__xludf.DUMMYFUNCTION("""COMPUTED_VALUE"""),"weblink") -> weblink | L3: =IFERROR(__xludf.DUMMYFUNCTION("""COMPUTED_VALUE"""),"Not Answered") -> Not Answered | M3: =IFERROR(__xludf.DUMMYFUNCTION("""COMPUTED_VALUE"""),"SPK") -> SPK | N3: =IFERROR(__xludf.DUMMYFUNCTION("""COMPUTED_VALUE"""),"Not Answered") -> Not Answered | O3: =IFERROR(__xludf.DUMMYFUNCTION("""COMPUTED_VALUE"""),"Not Answered") -> Not Answered | P3: =IFERROR(__xludf.DUMMYFUNCTION("""COMPUTED_VALUE"""),"Not Answered") -> Not Answered | Q3: =IFERROR(__xludf.DUMMYFUNCTION("""COMPUTED_VALUE"""),"Not Answered") -> Not Answered | R3: =IFERROR(__xludf.DUMMYFUNCTION("""COMPUTED_VALUE"""),"Not Answered") -> Not Answered | S3: =IFERROR(__xludf.DUMMYFUNCTION("""COMPUTED_VALUE"""),"Not Answered") -> Not Answered | T3: =IFERROR(__xludf.DUMMYFUNCTION("""COMPUTED_VALUE"""),"Not Answered") -> Not Answered | U3: =IFERROR(__xludf.DUMMYFUNCTION("""COMPUTED_VALUE"""),"Not Answered") -> Not Answered | ... AE3: =IFERROR(__xludf.DUMMYFUNCTION("""COMPUTED_VALUE"""),"Not Answered") -> Not Answered | AF3: =IFERROR(__xludf.DUMMYFUNCTION("""COMPUTED_VALUE"""),"Ingebrigt Berg") -> Ingebrigt Berg | AG3: =IFERROR(__xludf.DUMMYFUNCTION("""COMPUTED_VALUE"""),"Svært fornøyd") -> Svært fornøyd | AH3: =IFERROR(__xludf.DUMMYFUNCTION("""COMPUTED_VALUE"""),"Kunnskapsrik, omgjengelig, tar initiativ. ") -> Kunnskapsrik, omgjengelig, tar initiativ. | AI3: =IFERROR(__xludf.DUMMYFUNCTION("""COMPUTED_VALUE"""),"I stor grad") -> I stor grad | AJ3: =IFERROR(__xludf.DUMMYFUNCTION("""COMPUTED_VALUE"""),"Not Answered") -> Not Answered | AK3: =IFERROR(__xludf.DUMMYFUNCTION("""COMPUTED_VALUE"""),"Svært fornøyd") -> Svært fornøyd | AL3: =IFERROR(__xludf.DUMMYFUNCTION("""COMPUTED_VALUE"""),"Not Answered") -> Not Answered | AM3: =IFERROR(__xludf.DUMMYFUNCTION("""COMPUTED_VALUE"""),"Svært fornøyd") -> Svært fornøyd | AN3: =IFERROR(__xludf.DUMMYFUNCTION("""COMPUTED_VALUE"""),"Not Answered") -> Not Answered | AO3: =IFERROR(__xludf.DUMMYFUNCTION("""COMPUTED_VALUE"""),"Not Answered") -> Not Answered | AP3: =IFERROR(__xludf.DUMMYFUNCTION("""COMPUTED_VALUE"""),"Not Answered") -> Not Answered | AQ3: =IFERROR(__xludf.DUMMYFUNCTION("""COMPUTED_VALUE"""),"I stor grad") -> I stor grad | AR3: =IFERROR(__xludf.DUMMYFUNCTION("""COMPUTED_VALUE"""),"Not Answered") -> Not Answered | AS3: =IFERROR(__xludf.DUMMYFUNCTION("""COMPUTED_VALUE"""),"Not Answered") -> Not Answered | AT3: =if(ISNUMBER(A3),B3,) -> 45582.54 | AU3: =if(ISNUMBER(A3),M3,) -> SPK | AV3: =IFERROR(__xludf.DUMMYFUNCTION("if(ISNUMBER(A3),FILTER(N3:AF3,REGEXMATCH(N3:AF3, ""Not Answered"")=FALSE),)"),"Ingebrigt Berg") -> Ingebrigt Berg | AW3: =if(ISNUMBER($C3), VLOOKUP(AV3, konsulenter!$A$1:$B99,2,false),) -> #N/A | AX3: =if(ISNUMBER($C3), VLOOKUP(AG3, mapping!$A$2:$B99,2,false),) -> 6 | AY3: =if(ISNUMBER($C3), IF(AH3="Not Answered","-",AH3),) -> Kunnskapsrik, omgjengelig, tar initiativ. | AZ3: =if(ISNUMBER($C3), VLOOKUP(AI3, mapping!$A$2:$B99,2,false),) -> 6 | BA3: =if(ISNUMBER($C3), IF(AJ3="Not Answered","-",AJ3),) -> - | BB3: =if(ISNUMBER($C3), VLOOKUP(AK3, mapping!$A$2:$B99,2,false),) -> 6 | BC3: =if(ISNUMBER($C3), IF(AL3="Not Answered","-",AL3),) -> - | BD3: =if(ISNUMBER($C3), VLOOKUP(AM3, mapping!$A$2:$B99,2,false),) -> 6 | BE3: =if(ISNUMBER($C3), IF(AN3="Not Answered","-",AN3),) -> - | BF3: =if(ISNUMBER($C3), VLOOKUP(AO3, mapping!$A$2:$B99,2,false),) | BG3: =if(ISNUMBER($C3), IF(AP3="Not Answered","-",AP3),) -> - | BH3: =if(ISNUMBER($C3), VLOOKUP(AQ3, mapping!$A$2:$B99,2,false),) -> 6 | BI3: =if(ISNUMBER($C3), IF(AR3="Not Answered","-",AR3),) -> - | BJ3: =if(ISNUMBER($C3), IF(AS3="Not Answered","-",AS3),) -> -
A4: =IFERROR(__xludf.DUMMYFUNCTION("""COMPUTED_VALUE"""),1.14714413253E11) -> 114714413253 | B4: =IFERROR(__xludf.DUMMYFUNCTION("""COMPUTED_VALUE"""),45582.515694444446) -> 45582.516 | C4: =IFERROR(__xludf.DUMMYFUNCTION("""COMPUTED_VALUE"""),45582.563159722224) -> 45582.563 | D4: =IFERROR(__xludf.DUMMYFUNCTION("""COMPUTED_VALUE"""),"46.212.44.252") -> 46.212.44.252 | E4: =IFERROR(__xludf.DUMMYFUNCTION("""COMPUTED_VALUE"""),4100.0) -> 4100 | F4: =IFERROR(__xludf.DUMMYFUNCTION("""COMPUTED_VALUE"""),"completed") -> completed | G4: =IFERROR(__xludf.DUMMYFUNCTION("""COMPUTED_VALUE"""),"Not Answered") -> Not Answered | H4: =IFERROR(__xludf.DUMMYFUNCTION("""COMPUTED_VALUE"""),"Not Answered") -> Not Answered | I4: =IFERROR(__xludf.DUMMYFUNCTION("""COMPUTED_VALUE"""),"Not Answered") -> Not Answered | J4: =IFERROR(__xludf.DUMMYFUNCTION("""COMPUTED_VALUE"""),4.33188881E8) -> 433188881 | K4: =IFERROR(__xludf.DUMMYFUNCTION("""COMPUTED_VALUE"""),"weblink") -> weblink | L4: =IFERROR(__xludf.DUMMYFUNCTION("""COMPUTED_VALUE"""),"Not Answered") -> Not Answered | M4: =IFERROR(__xludf.DUMMYFUNCTION("""COMPUTED_VALUE"""),"Entur") -> Entur | N4: =IFERROR(__xludf.DUMMYFUNCTION("""COMPUTED_VALUE"""),"Not Answered") -> Not Answered | O4: =IFERROR(__xludf.DUMMYFUNCTION("""COMPUTED_VALUE"""),"Not Answered") -> Not Answered | P4: =IFERROR(__xludf.DUMMYFUNCTION("""COMPUTED_VALUE"""),"Not Answered") -> Not Answered | Q4: =IFERROR(__xludf.DUMMYFUNCTION("""COMPUTED_VALUE"""),"Not Answered") -> Not Answered | R4: =IFERROR(__xludf.DUMMYFUNCTION("""COMPUTED_VALUE"""),"Not Answered") -> Not Answered | S4: =IFERROR(__xludf.DUMMYFUNCTION("""COMPUTED_VALUE"""),"Not Answered") -> Not Answered | T4: =IFERROR(__xludf.DUMMYFUNCTION("""COMPUTED_VALUE"""),"Not Answered") -> Not Answered | U4: =IFERROR(__xludf.DUMMYFUNCTION("""COMPUTED_VALUE"""),"Not Answered") -> Not Answered | ... Z4: =IFERROR(__xludf.DUMMYFUNCTION("""COMPUTED_VALUE"""),"Not Answered") -> Not Answered | AA4: =IFERROR(__xludf.DUMMYFUNCTION("""COMPUTED_VALUE"""),"Bent Lorentzen") -> Bent Lorentzen | AB4: =IFERROR(__xludf.DUMMYFUNCTION("""COMPUTED_VALUE"""),"Not Answered") -> Not Answered | AC4: =IFERROR(__xludf.DUMMYFUNCTION("""COMPUTED_VALUE"""),"Not Answered") -> Not Answered | AD4: =IFERROR(__xludf.DUMMYFUNCTION("""COMPUTED_VALUE"""),"Not Answered") -> Not Answered | AE4: =IFERROR(__xludf.DUMMYFUNCTION("""COMPUTED_VALUE"""),"Not Answered") -> Not Answered | AF4: =IFERROR(__xludf.DUMMYFUNCTION("""COMPUTED_VALUE"""),"Not Answered") -> Not Answered | AG4: =IFERROR(__xludf.DUMMYFUNCTION("""COMPUTED_VALUE"""),"Svært fornøyd") -> Svært fornøyd | AH4: =IFERROR(__xludf.DUMMYFUNCTION("""COMPUTED_VALUE"""),"Bent er en svært kompetent teknolog som leverer arbeid av høy kvalitet. Hans erfaring og kompetanse innenfor feltet har bidratt til gode diskusjoner i teamet, gode løsninger, kunnskapsdeling og har vært med på å dra teamet i en veldig god retning. ") -> Bent er en svært kompetent teknolog som leverer arbeid av høy kvalitet. Hans erfaring og kompetanse innenfor feltet har bidratt til gode diskusjoner i teamet, gode løsninger, kunnskapsdeling og har vært med på å dra teamet i en veldig god retning. | AI4: =IFERROR(__xludf.DUMMYFUNCTION("""COMPUTED_VALUE"""),"I stor grad") -> I stor grad | AJ4: =IFERROR(__xludf.DUMMYFUNCTION("""COMPUTED_VALUE"""),"Bent har absolutt den nødvendige kompetansen for det arbeidet Entur trenger utført, og av de få områdene han ikke hadde kunnskap til fra før har han vist stor lærevilje og raskt kommet opp på et høyt kunnskapsnivå for ny teknologi og ikke minst domene.") -> Bent har absolutt den nødvendige kompetansen for det arbeidet Entur trenger utført, og av de få områdene han ikke hadde kunnskap til fra før har han vist stor lærevilje og raskt kommet opp på et høyt kunnskapsnivå for ny teknologi og ikke minst domene. | AK4: =IFERROR(__xludf.DUMMYFUNCTION("""COMPUTED_VALUE"""),"Svært fornøyd") -> Svært fornøyd | AL4: =IFERROR(__xludf.DUMMYFUNCTION("""COMPUTED_VALUE"""),"Som nevnt som kommentar i det første spørsmålet bidrar Bent i aller største grad til kompetansedeling innad i teamet. Hans evne til å vise forståelse og tålmodighet for de som skal tilegne seg ny kunnskap gjør han til en god mentor.") -> Som nevnt som kommentar i det første spørsmålet bidrar Bent i aller største grad til kompetansedeling innad i teamet. Hans evne til å vise forståelse og tålmodighet for de som skal tilegne seg ny kunnskap gjør han til en god mentor. | AM4: =IFERROR(__xludf.DUMMYFUNCTION("""COMPUTED_VALUE"""),"Svært fornøyd") -> Svært fornøyd | AN4: =IFERROR(__xludf.DUMMYFUNCTION("""COMPUTED_VALUE"""),"Bent er veldig samarbeidsvillig og stiller alltid opp på kort varsel hvis noen trenger hjelp eller ønsker å arbeide sammen med ham. Bent og jeg (produktleder) har ukentlige møter for å planlegge uken jeg synes er veldig verdifullt. Han deltar alltid flitt"&"ig i møter, har tydelige meninger, men er også alltid åpen for andres meninger og er villig til å diskutere emner med teamet før en endelig beslutning tas.") -> Bent er veldig samarbeidsvillig og stiller alltid opp på kort varsel hvis noen trenger hjelp eller ønsker å arbeide sammen med ham. Bent og jeg (produktleder) har ukentlige møter for å planlegge uken jeg synes er veldig verdifullt. Han deltar alltid flittig i møter, har tydelige meninger, men er også alltid åpen for andres meninger og er villig til å diskutere emner med teamet før en endelig beslutning tas. | AO4: =IFERROR(__xludf.DUMMYFUNCTION("""COMPUTED_VALUE"""),"Not Answered") -> Not Answered | AP4: =IFERROR(__xludf.DUMMYFUNCTION("""COMPUTED_VALUE"""),"Not Answered") -> Not Answered | AQ4: =IFERROR(__xludf.DUMMYFUNCTION("""COMPUTED_VALUE"""),"I stor grad") -> I stor grad | AR4: =IFERROR(__xludf.DUMMYFUNCTION("""COMPUTED_VALUE"""),"Not Answered") -> Not Answered | AS4: =IFERROR(__xludf.DUMMYFUNCTION("""COMPUTED_VALUE"""),"Not Answered") -> Not Answered | AT4: =if(ISNUMBER(A4),B4,) -> 45582.516 | AU4: =if(ISNUMBER(A4),M4,) -> Entur | AV4: =IFERROR(__xludf.DUMMYFUNCTION("if(ISNUMBER(A4),FILTER(N4:AF4,REGEXMATCH(N4:AF4, ""Not Answered"")=FALSE),)"),"Bent Lorentzen") -> Bent Lorentzen | AW4: =if(ISNUMBER($C4), VLOOKUP(AV4, konsulenter!$A$1:$B99,2,false),) -> #N/A | AX4: =if(ISNUMBER($C4), VLOOKUP(AG4, mapping!$A$2:$B99,2,false),) -> 6 | AY4: =if(ISNUMBER($C4), IF(AH4="Not Answered","-",AH4),) -> Bent er en svært kompetent teknolog som leverer arbeid av høy kvalitet. Hans erfaring og kompetanse innenfor feltet har bidratt til gode diskusjoner i teamet, gode løsninger, kunnskapsdeling og har vært med på å dra teamet i en veldig god retning. | AZ4: =if(ISNUMBER($C4), VLOOKUP(AI4, mapping!$A$2:$B99,2,false),) -> 6 | BA4: =if(ISNUMBER($C4), IF(AJ4="Not Answered","-",AJ4),) -> Bent har absolutt den nødvendige kompetansen for det arbeidet Entur trenger utført, og av de få områdene han ikke hadde kunnskap til fra før har han vist stor lærevilje og raskt kommet opp på et høyt kunnskapsnivå for ny teknologi og ikke minst domene. | BB4: =if(ISNUMBER($C4), VLOOKUP(AK4, mapping!$A$2:$B99,2,false),) -> 6 | BC4: =if(ISNUMBER($C4), IF(AL4="Not Answered","-",AL4),) -> Som nevnt som kommentar i det første spørsmålet bidrar Bent i aller største grad til kompetansedeling innad i teamet. Hans evne til å vise forståelse og tålmodighet for de som skal tilegne seg ny kunnskap gjør han til en god mentor. | BD4: =if(ISNUMBER($C4), VLOOKUP(AM4, mapping!$A$2:$B99,2,false),) -> 6 | BE4: =if(ISNUMBER($C4), IF(AN4="Not Answered","-",AN4),) -> Bent er veldig samarbeidsvillig og stiller alltid opp på kort varsel hvis noen trenger hjelp eller ønsker å arbeide sammen med ham. Bent og jeg (produktleder) har ukentlige møter for å planlegge uken jeg synes er veldig verdifullt. Han deltar alltid flittig i møter, har tydelige meninger, men er også alltid åpen for andres meninger og er villig til å diskutere emner med teamet før en endelig beslutning tas. | BF4: =if(ISNUMBER($C4), VLOOKUP(AO4, mapping!$A$2:$B99,2,false),) | BG4: =if(ISNUMBER($C4), IF(AP4="Not Answered","-",AP4),) -> - | BH4: =if(ISNUMBER($C4), VLOOKUP(AQ4, mapping!$A$2:$B99,2,false),) -> 6 | BI4: =if(ISNUMBER($C4), IF(AR4="Not Answered","-",AR4),) -> - | BJ4: =if(ISNUMBER($C4), IF(AS4="Not Answered","-",AS4),) -> -
A5: =IFERROR(__xludf.DUMMYFUNCTION("""COMPUTED_VALUE"""),1.14714432734E11) -> 114714432734 | B5: =IFERROR(__xludf.DUMMYFUNCTION("""COMPUTED_VALUE"""),45582.563298611116) -> 45582.563 | C5: =IFERROR(__xludf.DUMMYFUNCTION("""COMPUTED_VALUE"""),45582.57761574074) -> 45582.578 | D5: =IFERROR(__xludf.DUMMYFUNCTION("""COMPUTED_VALUE"""),"46.212.44.252") -> 46.212.44.252 | E5: =IFERROR(__xludf.DUMMYFUNCTION("""COMPUTED_VALUE"""),1236.0) -> 1236 | F5: =IFERROR(__xludf.DUMMYFUNCTION("""COMPUTED_VALUE"""),"completed") -> completed | G5: =IFERROR(__xludf.DUMMYFUNCTION("""COMPUTED_VALUE"""),"Not Answered") -> Not Answered | H5: =IFERROR(__xludf.DUMMYFUNCTION("""COMPUTED_VALUE"""),"Not Answered") -> Not Answered | I5: =IFERROR(__xludf.DUMMYFUNCTION("""COMPUTED_VALUE"""),"Not Answered") -> Not Answered | J5: =IFERROR(__xludf.DUMMYFUNCTION("""COMPUTED_VALUE"""),4.33188881E8) -> 433188881 | K5: =IFERROR(__xludf.DUMMYFUNCTION("""COMPUTED_VALUE"""),"weblink") -> weblink | L5: =IFERROR(__xludf.DUMMYFUNCTION("""COMPUTED_VALUE"""),"Not Answered") -> Not Answered | M5: =IFERROR(__xludf.DUMMYFUNCTION("""COMPUTED_VALUE"""),"Entur") -> Entur | N5: =IFERROR(__xludf.DUMMYFUNCTION("""COMPUTED_VALUE"""),"Not Answered") -> Not Answered | O5: =IFERROR(__xludf.DUMMYFUNCTION("""COMPUTED_VALUE"""),"Not Answered") -> Not Answered | P5: =IFERROR(__xludf.DUMMYFUNCTION("""COMPUTED_VALUE"""),"Not Answered") -> Not Answered | Q5: =IFERROR(__xludf.DUMMYFUNCTION("""COMPUTED_VALUE"""),"Not Answered") -> Not Answered | R5: =IFERROR(__xludf.DUMMYFUNCTION("""COMPUTED_VALUE"""),"Not Answered") -> Not Answered | S5: =IFERROR(__xludf.DUMMYFUNCTION("""COMPUTED_VALUE"""),"Not Answered") -> Not Answered | T5: =IFERROR(__xludf.DUMMYFUNCTION("""COMPUTED_VALUE"""),"Not Answered") -> Not Answered | U5: =IFERROR(__xludf.DUMMYFUNCTION("""COMPUTED_VALUE"""),"Not Answered") -> Not Answered | ... Z5: =IFERROR(__xludf.DUMMYFUNCTION("""COMPUTED_VALUE"""),"Not Answered") -> Not Answered | AA5: =IFERROR(__xludf.DUMMYFUNCTION("""COMPUTED_VALUE"""),"Frederik Rønnevig") -> Frederik Rønnevig | AB5: =IFERROR(__xludf.DUMMYFUNCTION("""COMPUTED_VALUE"""),"Not Answered") -> Not Answered | AC5: =IFERROR(__xludf.DUMMYFUNCTION("""COMPUTED_VALUE"""),"Not Answered") -> Not Answered | AD5: =IFERROR(__xludf.DUMMYFUNCTION("""COMPUTED_VALUE"""),"Not Answered") -> Not Answered | AE5: =IFERROR(__xludf.DUMMYFUNCTION("""COMPUTED_VALUE"""),"Not Answered") -> Not Answered | AF5: =IFERROR(__xludf.DUMMYFUNCTION("""COMPUTED_VALUE"""),"Not Answered") -> Not Answered | AG5: =IFERROR(__xludf.DUMMYFUNCTION("""COMPUTED_VALUE"""),"Svært fornøyd") -> Svært fornøyd | AH5: =IFERROR(__xludf.DUMMYFUNCTION("""COMPUTED_VALUE"""),"Frederik har hovedansvaret for DevOps i teamet, og har bidratt til at teamet følger den ønskede infrastrukturen i Entur på en svært god måte i et helt nyoppstartet team (CI/CD-løp, GCP, tilgangsstyring mm). Han har også levert godt på selve applikasjonen "&"vi utvikler på.") -> Frederik har hovedansvaret for DevOps i teamet, og har bidratt til at teamet følger den ønskede infrastrukturen i Entur på en svært god måte i et helt nyoppstartet team (CI/CD-løp, GCP, tilgangsstyring mm). Han har også levert godt på selve applikasjonen vi utvikler på. | AI5: =IFERROR(__xludf.DUMMYFUNCTION("""COMPUTED_VALUE"""),"I stor grad") -> I stor grad | AJ5: =IFERROR(__xludf.DUMMYFUNCTION("""COMPUTED_VALUE"""),"Frederik har veldig god teknisk kompetanse både innenfor programmering og DevOps. Han er også svært lærevillig og setter alltid pris på å få nye oppgaver med teknologier han ikke har brukt før. ") -> Frederik har veldig god teknisk kompetanse både innenfor programmering og DevOps. Han er også svært lærevillig og setter alltid pris på å få nye oppgaver med teknologier han ikke har brukt før. | AK5: =IFERROR(__xludf.DUMMYFUNCTION("""COMPUTED_VALUE"""),"Svært fornøyd") -> Svært fornøyd | AL5: =IFERROR(__xludf.DUMMYFUNCTION("""COMPUTED_VALUE"""),"Frederik er kanskje den på teamet som er aller best til å dokumentere både kode og prosesser i teamet, som legger til rette for at både teamet og eksterne enkelt kan sette seg inn i kode og prosesser og forstå hans tankeprosess ved valg. Han har også bidr"&"att på dokumentasjonen til andre team for å gjøre det enklere for nestemann som skal lære seg det samme. ") -> Frederik er kanskje den på teamet som er aller best til å dokumentere både kode og prosesser i teamet, som legger til rette for at både teamet og eksterne enkelt kan sette seg inn i kode og prosesser og forstå hans tankeprosess ved valg. Han har også bidratt på dokumentasjonen til andre team for å gjøre det enklere for nestemann som skal lære seg det samme. | AM5: =IFERROR(__xludf.DUMMYFUNCTION("""COMPUTED_VALUE"""),"Svært fornøyd") -> Svært fornøyd | AN5: =IFERROR(__xludf.DUMMYFUNCTION("""COMPUTED_VALUE"""),"Jeg er generelt svært fornøyd med både samarbeidet og kommunikasjonen til Frederik. Han stiller også alltid opp hvis noen trenger hjelp, løser gjerne oppgaver med andre og bidrar alltid til god stemning i teamet. Fordi jeg setter veldig pris på hans menin"&"ger skulle jeg kanskje ønske at han kunne vært enda litt mer på/med i diskusjoner i møter, men generelt er jeg svært fornøyd med samarbeidet vårt.") -> Jeg er generelt svært fornøyd med både samarbeidet og kommunikasjonen til Frederik. Han stiller også alltid opp hvis noen trenger hjelp, løser gjerne oppgaver med andre og bidrar alltid til god stemning i teamet. Fordi jeg setter veldig pris på hans meninger skulle jeg kanskje ønske at han kunne vært enda litt mer på/med i diskusjoner i møter, men generelt er jeg svært fornøyd med samarbeidet vårt. | AO5: =IFERROR(__xludf.DUMMYFUNCTION("""COMPUTED_VALUE"""),"Not Answered") -> Not Answered | AP5: =IFERROR(__xludf.DUMMYFUNCTION("""COMPUTED_VALUE"""),"Not Answered") -> Not Answered | AQ5: =IFERROR(__xludf.DUMMYFUNCTION("""COMPUTED_VALUE"""),"I stor grad") -> I stor grad | AR5: =IFERROR(__xludf.DUMMYFUNCTION("""COMPUTED_VALUE"""),"Not Answered") -> Not Answered | AS5: =IFERROR(__xludf.DUMMYFUNCTION("""COMPUTED_VALUE"""),"Not Answered") -> Not Answered | AT5: =if(ISNUMBER(A5),B5,) -> 45582.563 | AU5: =if(ISNUMBER(A5),M5,) -> Entur | AV5: =IFERROR(__xludf.DUMMYFUNCTION("if(ISNUMBER(A5),FILTER(N5:AF5,REGEXMATCH(N5:AF5, ""Not Answered"")=FALSE),)"),"Frederik Rønnevig") -> Frederik Rønnevig | AW5: =if(ISNUMBER($C5), VLOOKUP(AV5, konsulenter!$A$1:$B99,2,false),) -> #N/A | AX5: =if(ISNUMBER($C5), VLOOKUP(AG5, mapping!$A$2:$B99,2,false),) -> 6 | AY5: =if(ISNUMBER($C5), IF(AH5="Not Answered","-",AH5),) -> Frederik har hovedansvaret for DevOps i teamet, og har bidratt til at teamet følger den ønskede infrastrukturen i Entur på en svært god måte i et helt nyoppstartet team (CI/CD-løp, GCP, tilgangsstyring mm). Han har også levert godt på selve applikasjonen vi utvikler på. | AZ5: =if(ISNUMBER($C5), VLOOKUP(AI5, mapping!$A$2:$B99,2,false),) -> 6 | BA5: =if(ISNUMBER($C5), IF(AJ5="Not Answered","-",AJ5),) -> Frederik har veldig god teknisk kompetanse både innenfor programmering og DevOps. Han er også svært lærevillig og setter alltid pris på å få nye oppgaver med teknologier han ikke har brukt før. | BB5: =if(ISNUMBER($C5), VLOOKUP(AK5, mapping!$A$2:$B99,2,false),) -> 6 | BC5: =if(ISNUMBER($C5), IF(AL5="Not Answered","-",AL5),) -> Frederik er kanskje den på teamet som er aller best til å dokumentere både kode og prosesser i teamet, som legger til rette for at både teamet og eksterne enkelt kan sette seg inn i kode og prosesser og forstå hans tankeprosess ved valg. Han har også bidratt på dokumentasjonen til andre team for å gjøre det enklere for nestemann som skal lære seg det samme. | BD5: =if(ISNUMBER($C5), VLOOKUP(AM5, mapping!$A$2:$B99,2,false),) -> 6 | BE5: =if(ISNUMBER($C5), IF(AN5="Not Answered","-",AN5),) -> Jeg er generelt svært fornøyd med både samarbeidet og kommunikasjonen til Frederik. Han stiller også alltid opp hvis noen trenger hjelp, løser gjerne oppgaver med andre og bidrar alltid til god stemning i teamet. Fordi jeg setter veldig pris på hans meninger skulle jeg kanskje ønske at han kunne vært enda litt mer på/med i diskusjoner i møter, men generelt er jeg svært fornøyd med samarbeidet vårt. | BF5: =if(ISNUMBER($C5), VLOOKUP(AO5, mapping!$A$2:$B99,2,false),) | BG5: =if(ISNUMBER($C5), IF(AP5="Not Answered","-",AP5),) -> - | BH5: =if(ISNUMBER($C5), VLOOKUP(AQ5, mapping!$A$2:$B99,2,false),) -> 6 | BI5: =if(ISNUMBER($C5), IF(AR5="Not Answered","-",AR5),) -> - | BJ5: =if(ISNUMBER($C5), IF(AS5="Not Answered","-",AS5),) -> -
A6: =IFERROR(__xludf.DUMMYFUNCTION("""COMPUTED_VALUE"""),1.14714509378E11) -> 114714509378 | B6: =IFERROR(__xludf.DUMMYFUNCTION("""COMPUTED_VALUE"""),45582.63717592593) -> 45582.637 | C6: =IFERROR(__xludf.DUMMYFUNCTION("""COMPUTED_VALUE"""),45582.648506944446) -> 45582.649 | D6: =IFERROR(__xludf.DUMMYFUNCTION("""COMPUTED_VALUE"""),"188.95.247.201") -> 188.95.247.201 | E6: =IFERROR(__xludf.DUMMYFUNCTION("""COMPUTED_VALUE"""),978.0) -> 978 | F6: =IFERROR(__xludf.DUMMYFUNCTION("""COMPUTED_VALUE"""),"completed") -> completed | G6: =IFERROR(__xludf.DUMMYFUNCTION("""COMPUTED_VALUE"""),"Not Answered") -> Not Answered | H6: =IFERROR(__xludf.DUMMYFUNCTION("""COMPUTED_VALUE"""),"Not Answered") -> Not Answered | I6: =IFERROR(__xludf.DUMMYFUNCTION("""COMPUTED_VALUE"""),"Not Answered") -> Not Answered | J6: =IFERROR(__xludf.DUMMYFUNCTION("""COMPUTED_VALUE"""),4.33188881E8) -> 433188881 | K6: =IFERROR(__xludf.DUMMYFUNCTION("""COMPUTED_VALUE"""),"weblink") -> weblink | L6: =IFERROR(__xludf.DUMMYFUNCTION("""COMPUTED_VALUE"""),"Not Answered") -> Not Answered | M6: =IFERROR(__xludf.DUMMYFUNCTION("""COMPUTED_VALUE"""),"Ruter/TET Digital") -> Ruter/TET Digital | N6: =IFERROR(__xludf.DUMMYFUNCTION("""COMPUTED_VALUE"""),"Not Answered") -> Not Answered | O6: =IFERROR(__xludf.DUMMYFUNCTION("""COMPUTED_VALUE"""),"Not Answered") -> Not Answered | P6: =IFERROR(__xludf.DUMMYFUNCTION("""COMPUTED_VALUE"""),"Not Answered") -> Not Answered | Q6: =IFERROR(__xludf.DUMMYFUNCTION("""COMPUTED_VALUE"""),"Not Answered") -> Not Answered | R6: =IFERROR(__xludf.DUMMYFUNCTION("""COMPUTED_VALUE"""),"David Børresen") -> David Børresen | S6: =IFERROR(__xludf.DUMMYFUNCTION("""COMPUTED_VALUE"""),"Not Answered") -> Not Answered | T6: =IFERROR(__xludf.DUMMYFUNCTION("""COMPUTED_VALUE"""),"Not Answered") -> Not Answered | U6: =IFERROR(__xludf.DUMMYFUNCTION("""COMPUTED_VALUE"""),"Not Answered") -> Not Answered | V6: =IFERROR(__xludf.DUMMYFUNCTION("""COMPUTED_VALUE"""),"Not Answered") -> Not Answered | W6: =IFERROR(__xludf.DUMMYFUNCTION("""COMPUTED_VALUE"""),"Not Answered") -> Not Answered | X6: =IFERROR(__xludf.DUMMYFUNCTION("""COMPUTED_VALUE"""),"Not Answered") -> Not Answered | Y6: =IFERROR(__xludf.DUMMYFUNCTION("""COMPUTED_VALUE"""),"Not Answered") -> Not Answered | Z6: =IFERROR(__xludf.DUMMYFUNCTION("""COMPUTED_VALUE"""),"Not Answered") -> Not Answered | ... AF6: =IFERROR(__xludf.DUMMYFUNCTION("""COMPUTED_VALUE"""),"Not Answered") -> Not Answered | AG6: =IFERROR(__xludf.DUMMYFUNCTION("""COMPUTED_VALUE"""),"Svært fornøyd") -> Svært fornøyd | AH6: =IFERROR(__xludf.DUMMYFUNCTION("""COMPUTED_VALUE"""),"Ekstremt kunnig inom sitt fag. Leverarar alltid. Har gjort ett arbete jag har svårt att se att någon andra kan göra lika bra.") -> Ekstremt kunnig inom sitt fag. Leverarar alltid. Har gjort ett arbete jag har svårt att se att någon andra kan göra lika bra. | AI6: =IFERROR(__xludf.DUMMYFUNCTION("""COMPUTED_VALUE"""),"I stor grad") -> I stor grad | AJ6: =IFERROR(__xludf.DUMMYFUNCTION("""COMPUTED_VALUE"""),"Otveksamt") -> Otveksamt | AK6: =IFERROR(__xludf.DUMMYFUNCTION("""COMPUTED_VALUE"""),"Litt fornøyd") -> Litt fornøyd | AL6: =IFERROR(__xludf.DUMMYFUNCTION("""COMPUTED_VALUE"""),"Båda konsulenterna sitter på så bra kompetans som är högre än andra i sällskapet. Jag skulle gärna se att dom delar med sig mer av det. Kan se att det kan vara aktuellt att dom delar med sig av sitt arbete i mycket större utsträckning på Ruter/TET. Kan va"&"ra mer aktuellt när vi har mer på plats att visa mer emot ledelsen ect") -> Båda konsulenterna sitter på så bra kompetans som är högre än andra i sällskapet. Jag skulle gärna se att dom delar med sig mer av det. Kan se att det kan vara aktuellt att dom delar med sig av sitt arbete i mycket större utsträckning på Ruter/TET. Kan vara mer aktuellt när vi har mer på plats att visa mer emot ledelsen ect | AM6: =IFERROR(__xludf.DUMMYFUNCTION("""COMPUTED_VALUE"""),"Svært fornøyd") -> Svært fornøyd | AN6: =IFERROR(__xludf.DUMMYFUNCTION("""COMPUTED_VALUE"""),"Superenkelt att jobba med, enkel transparant kommunikation. Vågar komma med bra feedback ifall han inte är enig i saker. Alltid trevligt att prata med.") -> Superenkelt att jobba med, enkel transparant kommunikation. Vågar komma med bra feedback ifall han inte är enig i saker. Alltid trevligt att prata med. | AO6: =IFERROR(__xludf.DUMMYFUNCTION("""COMPUTED_VALUE"""),"Litt fornøyd") -> Litt fornøyd | AP6: =IFERROR(__xludf.DUMMYFUNCTION("""COMPUTED_VALUE"""),"Osäker på denna, Känner egentligen att jag inte har ett direkt förhållande emot JPro") -> Osäker på denna, Känner egentligen att jag inte har ett direkt förhållande emot JPro | AQ6: =IFERROR(__xludf.DUMMYFUNCTION("""COMPUTED_VALUE"""),"5 - star") -> 5 - star | AR6: =IFERROR(__xludf.DUMMYFUNCTION("""COMPUTED_VALUE"""),"Smakar det så kostar det är väll det dom säger.") -> Smakar det så kostar det är väll det dom säger. | AS6: =IFERROR(__xludf.DUMMYFUNCTION("""COMPUTED_VALUE"""),"Inte för tillfället ifrån Jpro") -> Inte för tillfället ifrån Jpro | AT6: =if(ISNUMBER(A6),B6,) -> 45582.637 | AU6: =if(ISNUMBER(A6),M6,) -> Ruter/TET Digital | AV6: =IFERROR(__xludf.DUMMYFUNCTION("if(ISNUMBER(A6),FILTER(N6:AF6,REGEXMATCH(N6:AF6, ""Not Answered"")=FALSE),)"),"David Børresen") -> David Børresen | AW6: =if(ISNUMBER($C6), VLOOKUP(AV6, konsulenter!$A$1:$B99,2,false),) -> #N/A | AX6: =if(ISNUMBER($C6), VLOOKUP(AG6, mapping!$A$2:$B99,2,false),) -> 6 | AY6: =if(ISNUMBER($C6), IF(AH6="Not Answered","-",AH6),) -> Ekstremt kunnig inom sitt fag. Leverarar alltid. Har gjort ett arbete jag har svårt att se att någon andra kan göra lika bra. | AZ6: =if(ISNUMBER($C6), VLOOKUP(AI6, mapping!$A$2:$B99,2,false),) -> 6 | BA6: =if(ISNUMBER($C6), IF(AJ6="Not Answered","-",AJ6),) -> Otveksamt | BB6: =if(ISNUMBER($C6), VLOOKUP(AK6, mapping!$A$2:$B99,2,false),) -> 4 | BC6: =if(ISNUMBER($C6), IF(AL6="Not Answered","-",AL6),) -> Båda konsulenterna sitter på så bra kompetans som är högre än andra i sällskapet. Jag skulle gärna se att dom delar med sig mer av det. Kan se att det kan vara aktuellt att dom delar med sig av sitt arbete i mycket större utsträckning på Ruter/TET. Kan vara mer aktuellt när vi har mer på plats att visa mer emot ledelsen ect | BD6: =if(ISNUMBER($C6), VLOOKUP(AM6, mapping!$A$2:$B99,2,false),) -> 6 | BE6: =if(ISNUMBER($C6), IF(AN6="Not Answered","-",AN6),) -> Superenkelt att jobba med, enkel transparant kommunikation. Vågar komma med bra feedback ifall han inte är enig i saker. Alltid trevligt att prata med. | BF6: =if(ISNUMBER($C6), VLOOKUP(AO6, mapping!$A$2:$B99,2,false),) -> 4 | BG6: =if(ISNUMBER($C6), IF(AP6="Not Answered","-",AP6),) -> Osäker på denna, Känner egentligen att jag inte har ett direkt förhållande emot JPro | BH6: =if(ISNUMBER($C6), VLOOKUP(AQ6, mapping!$A$2:$B99,2,false),) -> 5 | BI6: =if(ISNUMBER($C6), IF(AR6="Not Answered","-",AR6),) -> Smakar det så kostar det är väll det dom säger. | BJ6: =if(ISNUMBER($C6), IF(AS6="Not Answered","-",AS6),) -> Inte för tillfället ifrån Jpro
A7: =IFERROR(__xludf.DUMMYFUNCTION("""COMPUTED_VALUE"""),1.14714523977E11) -> 114714523977 | B7: =IFERROR(__xludf.DUMMYFUNCTION("""COMPUTED_VALUE"""),45582.6487037037) -> 45582.649 | C7: =IFERROR(__xludf.DUMMYFUNCTION("""COMPUTED_VALUE"""),45582.652870370366) -> 45582.653 | D7: =IFERROR(__xludf.DUMMYFUNCTION("""COMPUTED_VALUE"""),"188.95.247.201") -> 188.95.247.201 | E7: =IFERROR(__xludf.DUMMYFUNCTION("""COMPUTED_VALUE"""),360.0) -> 360 | F7: =IFERROR(__xludf.DUMMYFUNCTION("""COMPUTED_VALUE"""),"completed") -> completed | G7: =IFERROR(__xludf.DUMMYFUNCTION("""COMPUTED_VALUE"""),"Not Answered") -> Not Answered | H7: =IFERROR(__xludf.DUMMYFUNCTION("""COMPUTED_VALUE"""),"Not Answered") -> Not Answered | I7: =IFERROR(__xludf.DUMMYFUNCTION("""COMPUTED_VALUE"""),"Not Answered") -> Not Answered | J7: =IFERROR(__xludf.DUMMYFUNCTION("""COMPUTED_VALUE"""),4.33188881E8) -> 433188881 | K7: =IFERROR(__xludf.DUMMYFUNCTION("""COMPUTED_VALUE"""),"weblink") -> weblink | L7: =IFERROR(__xludf.DUMMYFUNCTION("""COMPUTED_VALUE"""),"Not Answered") -> Not Answered | M7: =IFERROR(__xludf.DUMMYFUNCTION("""COMPUTED_VALUE"""),"Ruter/TET Digital") -> Ruter/TET Digital | N7: =IFERROR(__xludf.DUMMYFUNCTION("""COMPUTED_VALUE"""),"Not Answered") -> Not Answered | O7: =IFERROR(__xludf.DUMMYFUNCTION("""COMPUTED_VALUE"""),"Not Answered") -> Not Answered | P7: =IFERROR(__xludf.DUMMYFUNCTION("""COMPUTED_VALUE"""),"Not Answered") -> Not Answered | Q7: =IFERROR(__xludf.DUMMYFUNCTION("""COMPUTED_VALUE"""),"Not Answered") -> Not Answered | R7: =IFERROR(__xludf.DUMMYFUNCTION("""COMPUTED_VALUE"""),"Ole Kristian Fjærestad") -> Ole Kristian Fjærestad | S7: =IFERROR(__xludf.DUMMYFUNCTION("""COMPUTED_VALUE"""),"Not Answered") -> Not Answered | T7: =IFERROR(__xludf.DUMMYFUNCTION("""COMPUTED_VALUE"""),"Not Answered") -> Not Answered | U7: =IFERROR(__xludf.DUMMYFUNCTION("""COMPUTED_VALUE"""),"Not Answered") -> Not Answered | V7: =IFERROR(__xludf.DUMMYFUNCTION("""COMPUTED_VALUE"""),"Not Answered") -> Not Answered | W7: =IFERROR(__xludf.DUMMYFUNCTION("""COMPUTED_VALUE"""),"Not Answered") -> Not Answered | X7: =IFERROR(__xludf.DUMMYFUNCTION("""COMPUTED_VALUE"""),"Not Answered") -> Not Answered | Y7: =IFERROR(__xludf.DUMMYFUNCTION("""COMPUTED_VALUE"""),"Not Answered") -> Not Answered | Z7: =IFERROR(__xludf.DUMMYFUNCTION("""COMPUTED_VALUE"""),"Not Answered") -> Not Answered | ... AF7: =IFERROR(__xludf.DUMMYFUNCTION("""COMPUTED_VALUE"""),"Not Answered") -> Not Answered | AG7: =IFERROR(__xludf.DUMMYFUNCTION("""COMPUTED_VALUE"""),"Svært fornøyd") -> Svært fornøyd | AH7: =IFERROR(__xludf.DUMMYFUNCTION("""COMPUTED_VALUE"""),"För mig känns det som Ole Kristian inte bara tar design som facit, utan höjer arbetet och tänker ett steg längre. För mig är det ett signalement för en väldigt duktig utvecklare. Allt som jag sätt Ole kristian levererar är i hög klass.") -> För mig känns det som Ole Kristian inte bara tar design som facit, utan höjer arbetet och tänker ett steg längre. För mig är det ett signalement för en väldigt duktig utvecklare. Allt som jag sätt Ole kristian levererar är i hög klass. | AI7: =IFERROR(__xludf.DUMMYFUNCTION("""COMPUTED_VALUE"""),"I stor grad") -> I stor grad | AJ7: =IFERROR(__xludf.DUMMYFUNCTION("""COMPUTED_VALUE"""),"Absolut.") -> Absolut. | AK7: =IFERROR(__xludf.DUMMYFUNCTION("""COMPUTED_VALUE"""),"Litt fornøyd") -> Litt fornøyd | AL7: =IFERROR(__xludf.DUMMYFUNCTION("""COMPUTED_VALUE"""),"Se min tidigare kommentar. Jag skulle gärna se (kanske i en framtid när mer är på plats) att Ole kristian delar med sig mer av sitt arbete bredare inom organisationen. Tror mycket av arbetet är väldigt uppskattat av utvecklare, men jag vill gärna att andr"&"a fag ser nyttan och kvaliteten.") -> Se min tidigare kommentar. Jag skulle gärna se (kanske i en framtid när mer är på plats) att Ole kristian delar med sig mer av sitt arbete bredare inom organisationen. Tror mycket av arbetet är väldigt uppskattat av utvecklare, men jag vill gärna att andra fag ser nyttan och kvaliteten. | AM7: =IFERROR(__xludf.DUMMYFUNCTION("""COMPUTED_VALUE"""),"Svært fornøyd") -> Svært fornøyd | AN7: =IFERROR(__xludf.DUMMYFUNCTION("""COMPUTED_VALUE"""),"Ole kristian är superenkel att jobba med, Kommer med bra inspel och tankar. Alltid ett nöje att prata med och jag ser fram emot att sitta sammen med på kontoret.") -> Ole kristian är superenkel att jobba med, Kommer med bra inspel och tankar. Alltid ett nöje att prata med och jag ser fram emot att sitta sammen med på kontoret. | AO7: =IFERROR(__xludf.DUMMYFUNCTION("""COMPUTED_VALUE"""),"Litt fornøyd") -> Litt fornøyd | AP7: =IFERROR(__xludf.DUMMYFUNCTION("""COMPUTED_VALUE"""),"Se tidigare kommentar om detta, har som sagt inget direkt förhållande till Jpro") -> Se tidigare kommentar om detta, har som sagt inget direkt förhållande till Jpro | AQ7: =IFERROR(__xludf.DUMMYFUNCTION("""COMPUTED_VALUE"""),"5 - star") -> 5 - star | AR7: =IFERROR(__xludf.DUMMYFUNCTION("""COMPUTED_VALUE"""),"Smakar det så kostar det.") -> Smakar det så kostar det. | AS7: =IFERROR(__xludf.DUMMYFUNCTION("""COMPUTED_VALUE"""),"Nej, inte nu") -> Nej, inte nu | AT7: =if(ISNUMBER(A7),B7,) -> 45582.649 | AU7: =if(ISNUMBER(A7),M7,) -> Ruter/TET Digital | AV7: =IFERROR(__xludf.DUMMYFUNCTION("if(ISNUMBER(A7),FILTER(N7:AF7,REGEXMATCH(N7:AF7, ""Not Answered"")=FALSE),)"),"Ole Kristian Fjærestad") -> Ole Kristian Fjærestad | AW7: =if(ISNUMBER($C7), VLOOKUP(AV7, konsulenter!$A$1:$B99,2,false),) -> #N/A | AX7: =if(ISNUMBER($C7), VLOOKUP(AG7, mapping!$A$2:$B99,2,false),) -> 6 | AY7: =if(ISNUMBER($C7), IF(AH7="Not Answered","-",AH7),) -> För mig känns det som Ole Kristian inte bara tar design som facit, utan höjer arbetet och tänker ett steg längre. För mig är det ett signalement för en väldigt duktig utvecklare. Allt som jag sätt Ole kristian levererar är i hög klass. | AZ7: =if(ISNUMBER($C7), VLOOKUP(AI7, mapping!$A$2:$B99,2,false),) -> 6 | BA7: =if(ISNUMBER($C7), IF(AJ7="Not Answered","-",AJ7),) -> Absolut. | BB7: =if(ISNUMBER($C7), VLOOKUP(AK7, mapping!$A$2:$B99,2,false),) -> 4 | BC7: =if(ISNUMBER($C7), IF(AL7="Not Answered","-",AL7),) -> Se min tidigare kommentar. Jag skulle gärna se (kanske i en framtid när mer är på plats) att Ole kristian delar med sig mer av sitt arbete bredare inom organisationen. Tror mycket av arbetet är väldigt uppskattat av utvecklare, men jag vill gärna att andra fag ser nyttan och kvaliteten. | BD7: =if(ISNUMBER($C7), VLOOKUP(AM7, mapping!$A$2:$B99,2,false),) -> 6 | BE7: =if(ISNUMBER($C7), IF(AN7="Not Answered","-",AN7),) -> Ole kristian är superenkel att jobba med, Kommer med bra inspel och tankar. Alltid ett nöje att prata med och jag ser fram emot att sitta sammen med på kontoret. | BF7: =if(ISNUMBER($C7), VLOOKUP(AO7, mapping!$A$2:$B99,2,false),) -> 4 | BG7: =if(ISNUMBER($C7), IF(AP7="Not Answered","-",AP7),) -> Se tidigare kommentar om detta, har som sagt inget direkt förhållande till Jpro | BH7: =if(ISNUMBER($C7), VLOOKUP(AQ7, mapping!$A$2:$B99,2,false),) -> 5 | BI7: =if(ISNUMBER($C7), IF(AR7="Not Answered","-",AR7),) -> Smakar det så kostar det. | BJ7: =if(ISNUMBER($C7), IF(AS7="Not Answered","-",AS7),) -> Nej, inte nu
A8: =IFERROR(__xludf.DUMMYFUNCTION("""COMPUTED_VALUE"""),1.1471650034E11) -> 114716500340 | B8: =IFERROR(__xludf.DUMMYFUNCTION("""COMPUTED_VALUE"""),45585.556805555556) -> 45585.557 | C8: =IFERROR(__xludf.DUMMYFUNCTION("""COMPUTED_VALUE"""),45585.55824074074) -> 45585.558 | D8: =IFERROR(__xludf.DUMMYFUNCTION("""COMPUTED_VALUE"""),"46.212.188.97") -> 46.212.188.97 | E8: =IFERROR(__xludf.DUMMYFUNCTION("""COMPUTED_VALUE"""),123.0) -> 123 | F8: =IFERROR(__xludf.DUMMYFUNCTION("""COMPUTED_VALUE"""),"completed") -> completed | G8: =IFERROR(__xludf.DUMMYFUNCTION("""COMPUTED_VALUE"""),"Not Answered") -> Not Answered | H8: =IFERROR(__xludf.DUMMYFUNCTION("""COMPUTED_VALUE"""),"Not Answered") -> Not Answered | I8: =IFERROR(__xludf.DUMMYFUNCTION("""COMPUTED_VALUE"""),"Not Answered") -> Not Answered | J8: =IFERROR(__xludf.DUMMYFUNCTION("""COMPUTED_VALUE"""),4.33188881E8) -> 433188881 | K8: =IFERROR(__xludf.DUMMYFUNCTION("""COMPUTED_VALUE"""),"weblink") -> weblink | L8: =IFERROR(__xludf.DUMMYFUNCTION("""COMPUTED_VALUE"""),"Not Answered") -> Not Answered | M8: =IFERROR(__xludf.DUMMYFUNCTION("""COMPUTED_VALUE"""),"NRK") -> NRK | N8: =IFERROR(__xludf.DUMMYFUNCTION("""COMPUTED_VALUE"""),"Not Answered") -> Not Answered | O8: =IFERROR(__xludf.DUMMYFUNCTION("""COMPUTED_VALUE"""),"Not Answered") -> Not Answered | P8: =IFERROR(__xludf.DUMMYFUNCTION("""COMPUTED_VALUE"""),"Not Answered") -> Not Answered | Q8: =IFERROR(__xludf.DUMMYFUNCTION("""COMPUTED_VALUE"""),"Not Answered") -> Not Answered | R8: =IFERROR(__xludf.DUMMYFUNCTION("""COMPUTED_VALUE"""),"Not Answered") -> Not Answered | S8: =IFERROR(__xludf.DUMMYFUNCTION("""COMPUTED_VALUE"""),"Not Answered") -> Not Answered | T8: =IFERROR(__xludf.DUMMYFUNCTION("""COMPUTED_VALUE"""),"Not Answered") -> Not Answered | U8: =IFERROR(__xludf.DUMMYFUNCTION("""COMPUTED_VALUE"""),"Audun Småge") -> Audun Småge | V8: =IFERROR(__xludf.DUMMYFUNCTION("""COMPUTED_VALUE"""),"Not Answered") -> Not Answered | W8: =IFERROR(__xludf.DUMMYFUNCTION("""COMPUTED_VALUE"""),"Not Answered") -> Not Answered | X8: =IFERROR(__xludf.DUMMYFUNCTION("""COMPUTED_VALUE"""),"Not Answered") -> Not Answered | Y8: =IFERROR(__xludf.DUMMYFUNCTION("""COMPUTED_VALUE"""),"Not Answered") -> Not Answered | Z8: =IFERROR(__xludf.DUMMYFUNCTION("""COMPUTED_VALUE"""),"Not Answered") -> Not Answered | AA8: =IFERROR(__xludf.DUMMYFUNCTION("""COMPUTED_VALUE"""),"Not Answered") -> Not Answered | AB8: =IFERROR(__xludf.DUMMYFUNCTION("""COMPUTED_VALUE"""),"Not Answered") -> Not Answered | AC8: =IFERROR(__xludf.DUMMYFUNCTION("""COMPUTED_VALUE"""),"Not Answered") -> Not Answered | ... AF8: =IFERROR(__xludf.DUMMYFUNCTION("""COMPUTED_VALUE"""),"Not Answered") -> Not Answered | AG8: =IFERROR(__xludf.DUMMYFUNCTION("""COMPUTED_VALUE"""),"Svært fornøyd") -> Svært fornøyd | AH8: =IFERROR(__xludf.DUMMYFUNCTION("""COMPUTED_VALUE"""),"Not Answered") -> Not Answered | AI8: =IFERROR(__xludf.DUMMYFUNCTION("""COMPUTED_VALUE"""),"I stor grad") -> I stor grad | AJ8: =IFERROR(__xludf.DUMMYFUNCTION("""COMPUTED_VALUE"""),"han er den på teamet med best kompetanse") -> han er den på teamet med best kompetanse | AK8: =IFERROR(__xludf.DUMMYFUNCTION("""COMPUTED_VALUE"""),"Svært fornøyd") -> Svært fornøyd | AL8: =IFERROR(__xludf.DUMMYFUNCTION("""COMPUTED_VALUE"""),"kjempefornøyd og håper å kunne få jobbe med ham veldig mye lengre!") -> kjempefornøyd og håper å kunne få jobbe med ham veldig mye lengre! | AM8: =IFERROR(__xludf.DUMMYFUNCTION("""COMPUTED_VALUE"""),"Svært fornøyd") -> Svært fornøyd | AN8: =IFERROR(__xludf.DUMMYFUNCTION("""COMPUTED_VALUE"""),"har likt alle konsulentene jeg har jobbet med og møtt fra JPro") -> har likt alle konsulentene jeg har jobbet med og møtt fra JPro | AO8: =IFERROR(__xludf.DUMMYFUNCTION("""COMPUTED_VALUE"""),"Svært fornøyd") -> Svært fornøyd | AP8: =IFERROR(__xludf.DUMMYFUNCTION("""COMPUTED_VALUE"""),"har ikke hatt veldig mye med dem direkte selv, bortsatt fra via Audun") -> har ikke hatt veldig mye med dem direkte selv, bortsatt fra via Audun | AQ8: =IFERROR(__xludf.DUMMYFUNCTION("""COMPUTED_VALUE"""),"I stor grad") -> I stor grad | AR8: =IFERROR(__xludf.DUMMYFUNCTION("""COMPUTED_VALUE"""),"akkurat nå er han den jeg trenger mest på teamet, og det er verd prisen") -> akkurat nå er han den jeg trenger mest på teamet, og det er verd prisen | AS8: =IFERROR(__xludf.DUMMYFUNCTION("""COMPUTED_VALUE"""),"Not Answered") -> Not Answered | AT8: =if(ISNUMBER(A8),B8,) -> 45585.557 | AU8: =if(ISNUMBER(A8),M8,) -> NRK | AV8: =IFERROR(__xludf.DUMMYFUNCTION("if(ISNUMBER(A8),FILTER(N8:AF8,REGEXMATCH(N8:AF8, ""Not Answered"")=FALSE),)"),"Audun Småge") -> Audun Småge | AW8: =if(ISNUMBER($C8), VLOOKUP(AV8, konsulenter!$A$1:$B99,2,false),) -> #N/A | AX8: =if(ISNUMBER($C8), VLOOKUP(AG8, mapping!$A$2:$B99,2,false),) -> 6 | AY8: =if(ISNUMBER($C8), IF(AH8="Not Answered","-",AH8),) -> - | AZ8: =if(ISNUMBER($C8), VLOOKUP(AI8, mapping!$A$2:$B99,2,false),) -> 6 | BA8: =if(ISNUMBER($C8), IF(AJ8="Not Answered","-",AJ8),) -> han er den på teamet med best kompetanse | BB8: =if(ISNUMBER($C8), VLOOKUP(AK8, mapping!$A$2:$B99,2,false),) -> 6 | BC8: =if(ISNUMBER($C8), IF(AL8="Not Answered","-",AL8),) -> kjempefornøyd og håper å kunne få jobbe med ham veldig mye lengre! | BD8: =if(ISNUMBER($C8), VLOOKUP(AM8, mapping!$A$2:$B99,2,false),) -> 6 | BE8: =if(ISNUMBER($C8), IF(AN8="Not Answered","-",AN8),) -> har likt alle konsulentene jeg har jobbet med og møtt fra JPro | BF8: =if(ISNUMBER($C8), VLOOKUP(AO8, mapping!$A$2:$B99,2,false),) -> 6 | BG8: =if(ISNUMBER($C8), IF(AP8="Not Answered","-",AP8),) -> har ikke hatt veldig mye med dem direkte selv, bortsatt fra via Audun | BH8: =if(ISNUMBER($C8), VLOOKUP(AQ8, mapping!$A$2:$B99,2,false),) -> 6 | BI8: =if(ISNUMBER($C8), IF(AR8="Not Answered","-",AR8),) -> akkurat nå er han den jeg trenger mest på teamet, og det er verd prisen | BJ8: =if(ISNUMBER($C8), IF(AS8="Not Answered","-",AS8),) -> -
A9: =IFERROR(__xludf.DUMMYFUNCTION("""COMPUTED_VALUE"""),1.14718956197E11) -> 114718956197 | B9: =IFERROR(__xludf.DUMMYFUNCTION("""COMPUTED_VALUE"""),45588.56618055556) -> 45588.566 | C9: =IFERROR(__xludf.DUMMYFUNCTION("""COMPUTED_VALUE"""),45588.57142361111) -> 45588.571 | D9: =IFERROR(__xludf.DUMMYFUNCTION("""COMPUTED_VALUE"""),"81.166.197.7") -> 81.166.197.7 | E9: =IFERROR(__xludf.DUMMYFUNCTION("""COMPUTED_VALUE"""),453.0) -> 453 | F9: =IFERROR(__xludf.DUMMYFUNCTION("""COMPUTED_VALUE"""),"completed") -> completed | G9: =IFERROR(__xludf.DUMMYFUNCTION("""COMPUTED_VALUE"""),"Not Answered") -> Not Answered | H9: =IFERROR(__xludf.DUMMYFUNCTION("""COMPUTED_VALUE"""),"Not Answered") -> Not Answered | I9: =IFERROR(__xludf.DUMMYFUNCTION("""COMPUTED_VALUE"""),"Not Answered") -> Not Answered | J9: =IFERROR(__xludf.DUMMYFUNCTION("""COMPUTED_VALUE"""),4.33188881E8) -> 433188881 | K9: =IFERROR(__xludf.DUMMYFUNCTION("""COMPUTED_VALUE"""),"weblink") -> weblink | L9: =IFERROR(__xludf.DUMMYFUNCTION("""COMPUTED_VALUE"""),"Not Answered") -> Not Answered | M9: =IFERROR(__xludf.DUMMYFUNCTION("""COMPUTED_VALUE"""),"Aker Solutions") -> Aker Solutions | N9: =IFERROR(__xludf.DUMMYFUNCTION("""COMPUTED_VALUE"""),"Not Answered") -> Not Answered | O9: =IFERROR(__xludf.DUMMYFUNCTION("""COMPUTED_VALUE"""),"Not Answered") -> Not Answered | P9: =IFERROR(__xludf.DUMMYFUNCTION("""COMPUTED_VALUE"""),"Not Answered") -> Not Answered | Q9: =IFERROR(__xludf.DUMMYFUNCTION("""COMPUTED_VALUE"""),"Not Answered") -> Not Answered | R9: =IFERROR(__xludf.DUMMYFUNCTION("""COMPUTED_VALUE"""),"Not Answered") -> Not Answered | S9: =IFERROR(__xludf.DUMMYFUNCTION("""COMPUTED_VALUE"""),"Not Answered") -> Not Answered | T9: =IFERROR(__xludf.DUMMYFUNCTION("""COMPUTED_VALUE"""),"Not Answered") -> Not Answered | U9: =IFERROR(__xludf.DUMMYFUNCTION("""COMPUTED_VALUE"""),"Not Answered") -> Not Answered | ... X9: =IFERROR(__xludf.DUMMYFUNCTION("""COMPUTED_VALUE"""),"Not Answered") -> Not Answered | Y9: =IFERROR(__xludf.DUMMYFUNCTION("""COMPUTED_VALUE"""),"Michael Karén") -> Michael Karén | Z9: =IFERROR(__xludf.DUMMYFUNCTION("""COMPUTED_VALUE"""),"Not Answered") -> Not Answered | AA9: =IFERROR(__xludf.DUMMYFUNCTION("""COMPUTED_VALUE"""),"Not Answered") -> Not Answered | AB9: =IFERROR(__xludf.DUMMYFUNCTION("""COMPUTED_VALUE"""),"Not Answered") -> Not Answered | AC9: =IFERROR(__xludf.DUMMYFUNCTION("""COMPUTED_VALUE"""),"Not Answered") -> Not Answered | AD9: =IFERROR(__xludf.DUMMYFUNCTION("""COMPUTED_VALUE"""),"Not Answered") -> Not Answered | AE9: =IFERROR(__xludf.DUMMYFUNCTION("""COMPUTED_VALUE"""),"Not Answered") -> Not Answered | AF9: =IFERROR(__xludf.DUMMYFUNCTION("""COMPUTED_VALUE"""),"Not Answered") -> Not Answered | AG9: =IFERROR(__xludf.DUMMYFUNCTION("""COMPUTED_VALUE"""),"Svært fornøyd") -> Svært fornøyd | AH9: =IFERROR(__xludf.DUMMYFUNCTION("""COMPUTED_VALUE"""),"Veldig godt fornøyd med Michael's innsats. Han tar ansvar og bidrar aktivt med gode innspill, i motsetning til å 'bare gjøre som han får beskjed om'.") -> Veldig godt fornøyd med Michael's innsats. Han tar ansvar og bidrar aktivt med gode innspill, i motsetning til å 'bare gjøre som han får beskjed om'. | AI9: =IFERROR(__xludf.DUMMYFUNCTION("""COMPUTED_VALUE"""),"I stor grad") -> I stor grad | AJ9: =IFERROR(__xludf.DUMMYFUNCTION("""COMPUTED_VALUE"""),"Savner ingenting") -> Savner ingenting | AK9: =IFERROR(__xludf.DUMMYFUNCTION("""COMPUTED_VALUE"""),"Svært fornøyd") -> Svært fornøyd | AL9: =IFERROR(__xludf.DUMMYFUNCTION("""COMPUTED_VALUE"""),"Vanskelig å kommentere direkte da jeg ikke er utvikler selv, men mitt inntrykk er at FE teamet jobber godt sammen") -> Vanskelig å kommentere direkte da jeg ikke er utvikler selv, men mitt inntrykk er at FE teamet jobber godt sammen | AM9: =IFERROR(__xludf.DUMMYFUNCTION("""COMPUTED_VALUE"""),"Svært fornøyd") -> Svært fornøyd | AN9: =IFERROR(__xludf.DUMMYFUNCTION("""COMPUTED_VALUE"""),"Fungerer veldig bra.") -> Fungerer veldig bra. | AO9: =IFERROR(__xludf.DUMMYFUNCTION("""COMPUTED_VALUE"""),"Not Answered") -> Not Answered | AP9: =IFERROR(__xludf.DUMMYFUNCTION("""COMPUTED_VALUE"""),"Not Answered") -> Not Answered | AQ9: =IFERROR(__xludf.DUMMYFUNCTION("""COMPUTED_VALUE"""),"5 - star") -> 5 - star | AR9: =IFERROR(__xludf.DUMMYFUNCTION("""COMPUTED_VALUE"""),"Har ikke innsyn i kostnader") -> Har ikke innsyn i kostnader | AS9: =IFERROR(__xludf.DUMMYFUNCTION("""COMPUTED_VALUE"""),"Ingenting konkret.") -> Ingenting konkret. | AT9: =if(ISNUMBER(A9),B9,) -> 45588.566 | AU9: =if(ISNUMBER(A9),M9,) -> Aker Solutions | AV9: =IFERROR(__xludf.DUMMYFUNCTION("if(ISNUMBER(A9),FILTER(N9:AF9,REGEXMATCH(N9:AF9, ""Not Answered"")=FALSE),)"),"Michael Karén") -> Michael Karén | AW9: =if(ISNUMBER($C9), VLOOKUP(AV9, konsulenter!$A$1:$B99,2,false),) -> #N/A | AX9: =if(ISNUMBER($C9), VLOOKUP(AG9, mapping!$A$2:$B99,2,false),) -> 6 | AY9: =if(ISNUMBER($C9), IF(AH9="Not Answered","-",AH9),) -> Veldig godt fornøyd med Michael's innsats. Han tar ansvar og bidrar aktivt med gode innspill, i motsetning til å 'bare gjøre som han får beskjed om'. | AZ9: =if(ISNUMBER($C9), VLOOKUP(AI9, mapping!$A$2:$B99,2,false),) -> 6 | BA9: =if(ISNUMBER($C9), IF(AJ9="Not Answered","-",AJ9),) -> Savner ingenting | BB9: =if(ISNUMBER($C9), VLOOKUP(AK9, mapping!$A$2:$B99,2,false),) -> 6 | BC9: =if(ISNUMBER($C9), IF(AL9="Not Answered","-",AL9),) -> Vanskelig å kommentere direkte da jeg ikke er utvikler selv, men mitt inntrykk er at FE teamet jobber godt sammen | BD9: =if(ISNUMBER($C9), VLOOKUP(AM9, mapping!$A$2:$B99,2,false),) -> 6 | BE9: =if(ISNUMBER($C9), IF(AN9="Not Answered","-",AN9),) -> Fungerer veldig bra. | BF9: =if(ISNUMBER($C9), VLOOKUP(AO9, mapping!$A$2:$B99,2,false),) | BG9: =if(ISNUMBER($C9), IF(AP9="Not Answered","-",AP9),) -> - | BH9: =if(ISNUMBER($C9), VLOOKUP(AQ9, mapping!$A$2:$B99,2,false),) -> 5 | BI9: =if(ISNUMBER($C9), IF(AR9="Not Answered","-",AR9),) -> Har ikke innsyn i kostnader | BJ9: =if(ISNUMBER($C9), IF(AS9="Not Answered","-",AS9),) -> Ingenting konkret.
A10: =IFERROR(__xludf.DUMMYFUNCTION("""COMPUTED_VALUE"""),1.14719061196E11) -> 114719061196 | B10: =IFERROR(__xludf.DUMMYFUNCTION("""COMPUTED_VALUE"""),45588.657546296294) -> 45588.658 | C10: =IFERROR(__xludf.DUMMYFUNCTION("""COMPUTED_VALUE"""),45588.664259259254) -> 45588.664 | D10: =IFERROR(__xludf.DUMMYFUNCTION("""COMPUTED_VALUE"""),"195.18.187.143") -> 195.18.187.143 | E10: =IFERROR(__xludf.DUMMYFUNCTION("""COMPUTED_VALUE"""),580.0) -> 580 | F10: =IFERROR(__xludf.DUMMYFUNCTION("""COMPUTED_VALUE"""),"completed") -> completed | G10: =IFERROR(__xludf.DUMMYFUNCTION("""COMPUTED_VALUE"""),"Not Answered") -> Not Answered | H10: =IFERROR(__xludf.DUMMYFUNCTION("""COMPUTED_VALUE"""),"Not Answered") -> Not Answered | I10: =IFERROR(__xludf.DUMMYFUNCTION("""COMPUTED_VALUE"""),"Not Answered") -> Not Answered | J10: =IFERROR(__xludf.DUMMYFUNCTION("""COMPUTED_VALUE"""),4.33188881E8) -> 433188881 | K10: =IFERROR(__xludf.DUMMYFUNCTION("""COMPUTED_VALUE"""),"weblink") -> weblink | L10: =IFERROR(__xludf.DUMMYFUNCTION("""COMPUTED_VALUE"""),"Not Answered") -> Not Answered | M10: =IFERROR(__xludf.DUMMYFUNCTION("""COMPUTED_VALUE"""),"Statnett") -> Statnett | N10: =IFERROR(__xludf.DUMMYFUNCTION("""COMPUTED_VALUE"""),"Not Answered") -> Not Answered | O10: =IFERROR(__xludf.DUMMYFUNCTION("""COMPUTED_VALUE"""),"Frode Roxrud Gill") -> Frode Roxrud Gill | P10: =IFERROR(__xludf.DUMMYFUNCTION("""COMPUTED_VALUE"""),"Not Answered") -> Not Answered | Q10: =IFERROR(__xludf.DUMMYFUNCTION("""COMPUTED_VALUE"""),"Not Answered") -> Not Answered | R10: =IFERROR(__xludf.DUMMYFUNCTION("""COMPUTED_VALUE"""),"Not Answered") -> Not Answered | S10: =IFERROR(__xludf.DUMMYFUNCTION("""COMPUTED_VALUE"""),"Not Answered") -> Not Answered | T10: =IFERROR(__xludf.DUMMYFUNCTION("""COMPUTED_VALUE"""),"Not Answered") -> Not Answered | U10: =IFERROR(__xludf.DUMMYFUNCTION("""COMPUTED_VALUE"""),"Not Answered") -> Not Answered | V10: =IFERROR(__xludf.DUMMYFUNCTION("""COMPUTED_VALUE"""),"Not Answered") -> Not Answered | W10: =IFERROR(__xludf.DUMMYFUNCTION("""COMPUTED_VALUE"""),"Not Answered") -> Not Answered | ... AF10: =IFERROR(__xludf.DUMMYFUNCTION("""COMPUTED_VALUE"""),"Not Answered") -> Not Answered | AG10: =IFERROR(__xludf.DUMMYFUNCTION("""COMPUTED_VALUE"""),"Ganske fornøyd") -> Ganske fornøyd | AH10: =IFERROR(__xludf.DUMMYFUNCTION("""COMPUTED_VALUE"""),"Not Answered") -> Not Answered | AI10: =IFERROR(__xludf.DUMMYFUNCTION("""COMPUTED_VALUE"""),"4 - star") -> 4 - star | AJ10: =IFERROR(__xludf.DUMMYFUNCTION("""COMPUTED_VALUE"""),"Måtte friske opp litt, lære seg noe nytt - men dette har gått bra og vi er fornøyde i dag.") -> Måtte friske opp litt, lære seg noe nytt - men dette har gått bra og vi er fornøyde i dag. | AK10: =IFERROR(__xludf.DUMMYFUNCTION("""COMPUTED_VALUE"""),"Litt fornøyd") -> Litt fornøyd | AL10: =IFERROR(__xludf.DUMMYFUNCTION("""COMPUTED_VALUE"""),"Har ikke hatt mulighet til å gjøre dette foreløpig, men kommer nå inn i e større team og vil kunne vise seg frem. Burde hatt en mulighet til å svare ikke aktuelt ;)") -> Har ikke hatt mulighet til å gjøre dette foreløpig, men kommer nå inn i e større team og vil kunne vise seg frem. Burde hatt en mulighet til å svare ikke aktuelt ;) | AM10: =IFERROR(__xludf.DUMMYFUNCTION("""COMPUTED_VALUE"""),"Svært fornøyd") -> Svært fornøyd | AN10: =IFERROR(__xludf.DUMMYFUNCTION("""COMPUTED_VALUE"""),"Not Answered") -> Not Answered | AO10: =IFERROR(__xludf.DUMMYFUNCTION("""COMPUTED_VALUE"""),"Ganske fornøyd") -> Ganske fornøyd | AP10: =IFERROR(__xludf.DUMMYFUNCTION("""COMPUTED_VALUE"""),"Fornøyd med erstatning og prosessen rundt dette (var smidig).") -> Fornøyd med erstatning og prosessen rundt dette (var smidig). | AQ10: =IFERROR(__xludf.DUMMYFUNCTION("""COMPUTED_VALUE"""),"4 - star") -> 4 - star | AR10: =IFERROR(__xludf.DUMMYFUNCTION("""COMPUTED_VALUE"""),"Vi leide inn en med litt annen kompetanse og konsulenten som nå bekler oppdraget har smalere kompetanse. Derfor er ikke forholdet mellom pris og leveranse like godt som det var opprinnelig.") -> Vi leide inn en med litt annen kompetanse og konsulenten som nå bekler oppdraget har smalere kompetanse. Derfor er ikke forholdet mellom pris og leveranse like godt som det var opprinnelig. | AS10: =IFERROR(__xludf.DUMMYFUNCTION("""COMPUTED_VALUE"""),"Not Answered") -> Not Answered | AT10: =if(ISNUMBER(A10),B10,) -> 45588.658 | AU10: =if(ISNUMBER(A10),M10,) -> Statnett | AV10: =IFERROR(__xludf.DUMMYFUNCTION("if(ISNUMBER(A10),FILTER(N10:AF10,REGEXMATCH(N10:AF10, ""Not Answered"")=FALSE),)"),"Frode Roxrud Gill") -> Frode Roxrud Gill | AW10: =if(ISNUMBER($C10), VLOOKUP(AV10, konsulenter!$A$1:$B99,2,false),) -> #N/A | AX10: =if(ISNUMBER($C10), VLOOKUP(AG10, mapping!$A$2:$B99,2,false),) -> 5 | AY10: =if(ISNUMBER($C10), IF(AH10="Not Answered","-",AH10),) -> - | AZ10: =if(ISNUMBER($C10), VLOOKUP(AI10, mapping!$A$2:$B99,2,false),) -> 4 | BA10: =if(ISNUMBER($C10), IF(AJ10="Not Answered","-",AJ10),) -> Måtte friske opp litt, lære seg noe nytt - men dette har gått bra og vi er fornøyde i dag. | BB10: =if(ISNUMBER($C10), VLOOKUP(AK10, mapping!$A$2:$B99,2,false),) -> 4 | BC10: =if(ISNUMBER($C10), IF(AL10="Not Answered","-",AL10),) -> Har ikke hatt mulighet til å gjøre dette foreløpig, men kommer nå inn i e større team og vil kunne vise seg frem. Burde hatt en mulighet til å svare ikke aktuelt ;) | BD10: =if(ISNUMBER($C10), VLOOKUP(AM10, mapping!$A$2:$B99,2,false),) -> 6 | BE10: =if(ISNUMBER($C10), IF(AN10="Not Answered","-",AN10),) -> - | BF10: =if(ISNUMBER($C10), VLOOKUP(AO10, mapping!$A$2:$B99,2,false),) -> 5 | BG10: =if(ISNUMBER($C10), IF(AP10="Not Answered","-",AP10),) -> Fornøyd med erstatning og prosessen rundt dette (var smidig). | BH10: =if(ISNUMBER($C10), VLOOKUP(AQ10, mapping!$A$2:$B99,2,false),) -> 4 | BI10: =if(ISNUMBER($C10), IF(AR10="Not Answered","-",AR10),) -> Vi leide inn en med litt annen kompetanse og konsulenten som nå bekler oppdraget har smalere kompetanse. Derfor er ikke forholdet mellom pris og leveranse like godt som det var opprinnelig. | BJ10: =if(ISNUMBER($C10), IF(AS10="Not Answered","-",AS10),) -> -
A11: =IFERROR(__xludf.DUMMYFUNCTION("""COMPUTED_VALUE"""),1.14722224011E11) -> 114722224011 | B11: =IFERROR(__xludf.DUMMYFUNCTION("""COMPUTED_VALUE"""),45593.417245370365) -> 45593.417 | C11: =IFERROR(__xludf.DUMMYFUNCTION("""COMPUTED_VALUE"""),45593.41813657407) -> 45593.418 | D11: =IFERROR(__xludf.DUMMYFUNCTION("""COMPUTED_VALUE"""),"31.45.108.25") -> 31.45.108.25 | E11: =IFERROR(__xludf.DUMMYFUNCTION("""COMPUTED_VALUE"""),76.0) -> 76 | F11: =IFERROR(__xludf.DUMMYFUNCTION("""COMPUTED_VALUE"""),"completed") -> completed | G11: =IFERROR(__xludf.DUMMYFUNCTION("""COMPUTED_VALUE"""),"Not Answered") -> Not Answered | H11: =IFERROR(__xludf.DUMMYFUNCTION("""COMPUTED_VALUE"""),"Not Answered") -> Not Answered | I11: =IFERROR(__xludf.DUMMYFUNCTION("""COMPUTED_VALUE"""),"Not Answered") -> Not Answered | J11: =IFERROR(__xludf.DUMMYFUNCTION("""COMPUTED_VALUE"""),4.33188881E8) -> 433188881 | K11: =IFERROR(__xludf.DUMMYFUNCTION("""COMPUTED_VALUE"""),"weblink") -> weblink | L11: =IFERROR(__xludf.DUMMYFUNCTION("""COMPUTED_VALUE"""),"Not Answered") -> Not Answered | M11: =IFERROR(__xludf.DUMMYFUNCTION("""COMPUTED_VALUE"""),"Ruter/TET Digital") -> Ruter/TET Digital | N11: =IFERROR(__xludf.DUMMYFUNCTION("""COMPUTED_VALUE"""),"Not Answered") -> Not Answered | O11: =IFERROR(__xludf.DUMMYFUNCTION("""COMPUTED_VALUE"""),"Not Answered") -> Not Answered | P11: =IFERROR(__xludf.DUMMYFUNCTION("""COMPUTED_VALUE"""),"Not Answered") -> Not Answered | Q11: =IFERROR(__xludf.DUMMYFUNCTION("""COMPUTED_VALUE"""),"Not Answered") -> Not Answered | R11: =IFERROR(__xludf.DUMMYFUNCTION("""COMPUTED_VALUE"""),"Greger Hemb") -> Greger Hemb | S11: =IFERROR(__xludf.DUMMYFUNCTION("""COMPUTED_VALUE"""),"Not Answered") -> Not Answered | T11: =IFERROR(__xludf.DUMMYFUNCTION("""COMPUTED_VALUE"""),"Not Answered") -> Not Answered | U11: =IFERROR(__xludf.DUMMYFUNCTION("""COMPUTED_VALUE"""),"Not Answered") -> Not Answered | V11: =IFERROR(__xludf.DUMMYFUNCTION("""COMPUTED_VALUE"""),"Not Answered") -> Not Answered | W11: =IFERROR(__xludf.DUMMYFUNCTION("""COMPUTED_VALUE"""),"Not Answered") -> Not Answered | X11: =IFERROR(__xludf.DUMMYFUNCTION("""COMPUTED_VALUE"""),"Not Answered") -> Not Answered | Y11: =IFERROR(__xludf.DUMMYFUNCTION("""COMPUTED_VALUE"""),"Not Answered") -> Not Answered | Z11: =IFERROR(__xludf.DUMMYFUNCTION("""COMPUTED_VALUE"""),"Not Answered") -> Not Answered | ... AF11: =IFERROR(__xludf.DUMMYFUNCTION("""COMPUTED_VALUE"""),"Not Answered") -> Not Answered | AG11: =IFERROR(__xludf.DUMMYFUNCTION("""COMPUTED_VALUE"""),"Ganske fornøyd") -> Ganske fornøyd | AH11: =IFERROR(__xludf.DUMMYFUNCTION("""COMPUTED_VALUE"""),"Not Answered") -> Not Answered | AI11: =IFERROR(__xludf.DUMMYFUNCTION("""COMPUTED_VALUE"""),"I stor grad") -> I stor grad | AJ11: =IFERROR(__xludf.DUMMYFUNCTION("""COMPUTED_VALUE"""),"Not Answered") -> Not Answered | AK11: =IFERROR(__xludf.DUMMYFUNCTION("""COMPUTED_VALUE"""),"Svært fornøyd") -> Svært fornøyd | AL11: =IFERROR(__xludf.DUMMYFUNCTION("""COMPUTED_VALUE"""),"Not Answered") -> Not Answered | AM11: =IFERROR(__xludf.DUMMYFUNCTION("""COMPUTED_VALUE"""),"Ganske fornøyd") -> Ganske fornøyd | AN11: =IFERROR(__xludf.DUMMYFUNCTION("""COMPUTED_VALUE"""),"Not Answered") -> Not Answered | AO11: =IFERROR(__xludf.DUMMYFUNCTION("""COMPUTED_VALUE"""),"Ganske fornøyd") -> Ganske fornøyd | AP11: =IFERROR(__xludf.DUMMYFUNCTION("""COMPUTED_VALUE"""),"Not Answered") -> Not Answered | AQ11: =IFERROR(__xludf.DUMMYFUNCTION("""COMPUTED_VALUE"""),"I stor grad") -> I stor grad | AR11: =IFERROR(__xludf.DUMMYFUNCTION("""COMPUTED_VALUE"""),"Not Answered") -> Not Answered | AS11: =IFERROR(__xludf.DUMMYFUNCTION("""COMPUTED_VALUE"""),"Not Answered") -> Not Answered | AT11: =if(ISNUMBER(A11),B11,) -> 45593.417 | AU11: =if(ISNUMBER(A11),M11,) -> Ruter/TET Digital | AV11: =IFERROR(__xludf.DUMMYFUNCTION("if(ISNUMBER(A11),FILTER(N11:AF11,REGEXMATCH(N11:AF11, ""Not Answered"")=FALSE),)"),"Greger Hemb") -> Greger Hemb | AW11: =if(ISNUMBER($C11), VLOOKUP(AV11, konsulenter!$A$1:$B99,2,false),) -> #N/A | AX11: =if(ISNUMBER($C11), VLOOKUP(AG11, mapping!$A$2:$B99,2,false),) -> 5 | AY11: =if(ISNUMBER($C11), IF(AH11="Not Answered","-",AH11),) -> - | AZ11: =if(ISNUMBER($C11), VLOOKUP(AI11, mapping!$A$2:$B99,2,false),) -> 6 | BA11: =if(ISNUMBER($C11), IF(AJ11="Not Answered","-",AJ11),) -> - | BB11: =if(ISNUMBER($C11), VLOOKUP(AK11, mapping!$A$2:$B99,2,false),) -> 6 | BC11: =if(ISNUMBER($C11), IF(AL11="Not Answered","-",AL11),) -> - | BD11: =if(ISNUMBER($C11), VLOOKUP(AM11, mapping!$A$2:$B99,2,false),) -> 5 | BE11: =if(ISNUMBER($C11), IF(AN11="Not Answered","-",AN11),) -> - | BF11: =if(ISNUMBER($C11), VLOOKUP(AO11, mapping!$A$2:$B99,2,false),) -> 5 | BG11: =if(ISNUMBER($C11), IF(AP11="Not Answered","-",AP11),) -> - | BH11: =if(ISNUMBER($C11), VLOOKUP(AQ11, mapping!$A$2:$B99,2,false),) -> 6 | BI11: =if(ISNUMBER($C11), IF(AR11="Not Answered","-",AR11),) -> - | BJ11: =if(ISNUMBER($C11), IF(AS11="Not Answered","-",AS11),) -> -
A12: =IFERROR(__xludf.DUMMYFUNCTION("""COMPUTED_VALUE"""),1.14723478912E11) -> 114723478912 | B12: =IFERROR(__xludf.DUMMYFUNCTION("""COMPUTED_VALUE"""),45594.68372685185) -> 45594.684 | C12: =IFERROR(__xludf.DUMMYFUNCTION("""COMPUTED_VALUE"""),45594.69131944445) -> 45594.691 | D12: =IFERROR(__xludf.DUMMYFUNCTION("""COMPUTED_VALUE"""),"155.55.51.187") -> 155.55.51.187 | E12: =IFERROR(__xludf.DUMMYFUNCTION("""COMPUTED_VALUE"""),655.0) -> 655 | F12: =IFERROR(__xludf.DUMMYFUNCTION("""COMPUTED_VALUE"""),"completed") -> completed | G12: =IFERROR(__xludf.DUMMYFUNCTION("""COMPUTED_VALUE"""),"Not Answered") -> Not Answered | H12: =IFERROR(__xludf.DUMMYFUNCTION("""COMPUTED_VALUE"""),"Not Answered") -> Not Answered | I12: =IFERROR(__xludf.DUMMYFUNCTION("""COMPUTED_VALUE"""),"Not Answered") -> Not Answered | J12: =IFERROR(__xludf.DUMMYFUNCTION("""COMPUTED_VALUE"""),4.33188881E8) -> 433188881 | K12: =IFERROR(__xludf.DUMMYFUNCTION("""COMPUTED_VALUE"""),"weblink") -> weblink | L12: =IFERROR(__xludf.DUMMYFUNCTION("""COMPUTED_VALUE"""),"Not Answered") -> Not Answered | M12: =IFERROR(__xludf.DUMMYFUNCTION("""COMPUTED_VALUE"""),"NAV") -> NAV | N12: =IFERROR(__xludf.DUMMYFUNCTION("""COMPUTED_VALUE"""),"Not Answered") -> Not Answered | O12: =IFERROR(__xludf.DUMMYFUNCTION("""COMPUTED_VALUE"""),"Not Answered") -> Not Answered | P12: =IFERROR(__xludf.DUMMYFUNCTION("""COMPUTED_VALUE"""),"Not Answered") -> Not Answered | Q12: =IFERROR(__xludf.DUMMYFUNCTION("""COMPUTED_VALUE"""),"Not Answered") -> Not Answered | R12: =IFERROR(__xludf.DUMMYFUNCTION("""COMPUTED_VALUE"""),"Not Answered") -> Not Answered | S12: =IFERROR(__xludf.DUMMYFUNCTION("""COMPUTED_VALUE"""),"Not Answered") -> Not Answered | T12: =IFERROR(__xludf.DUMMYFUNCTION("""COMPUTED_VALUE"""),"Not Answered") -> Not Answered | U12: =IFERROR(__xludf.DUMMYFUNCTION("""COMPUTED_VALUE"""),"Not Answered") -> Not Answered | ... AD12: =IFERROR(__xludf.DUMMYFUNCTION("""COMPUTED_VALUE"""),"Not Answered") -> Not Answered | AE12: =IFERROR(__xludf.DUMMYFUNCTION("""COMPUTED_VALUE"""),"Joar Aurdal") -> Joar Aurdal | AF12: =IFERROR(__xludf.DUMMYFUNCTION("""COMPUTED_VALUE"""),"Not Answered") -> Not Answered | AG12: =IFERROR(__xludf.DUMMYFUNCTION("""COMPUTED_VALUE"""),"Svært fornøyd") -> Svært fornøyd | AH12: =IFERROR(__xludf.DUMMYFUNCTION("""COMPUTED_VALUE"""),"Joar er svært dyktig senior utvikler. Blant annet er han alltid å regne med når ting er svært krevende. Det er mange positive egenskaper å trekke frem. Blant annet bidrar med psykologisk trygghet for teamet. Er god på å gi estimater på svært komplekse tin"&"g som kan ta måneder å bygge, når tid for å angi estimat er kort og med stort press på å gi de estimatene. ") -> Joar er svært dyktig senior utvikler. Blant annet er han alltid å regne med når ting er svært krevende. Det er mange positive egenskaper å trekke frem. Blant annet bidrar med psykologisk trygghet for teamet. Er god på å gi estimater på svært komplekse ting som kan ta måneder å bygge, når tid for å angi estimat er kort og med stort press på å gi de estimatene. | AI12: =IFERROR(__xludf.DUMMYFUNCTION("""COMPUTED_VALUE"""),"I stor grad") -> I stor grad | AJ12: =IFERROR(__xludf.DUMMYFUNCTION("""COMPUTED_VALUE"""),"Jeg kan ikke si at det er noe konkret kompetanser som jeg savner. Joar tilegner seg kompetanse i det tverrfaglige teamet som vi er, så det går bra. ") -> Jeg kan ikke si at det er noe konkret kompetanser som jeg savner. Joar tilegner seg kompetanse i det tverrfaglige teamet som vi er, så det går bra. | AK12: =IFERROR(__xludf.DUMMYFUNCTION("""COMPUTED_VALUE"""),"Svært fornøyd") -> Svært fornøyd | AL12: =IFERROR(__xludf.DUMMYFUNCTION("""COMPUTED_VALUE"""),"Kompetansedeling for Joar er bra! Inkluderende og tar ansvar og har gode evner til det. ") -> Kompetansedeling for Joar er bra! Inkluderende og tar ansvar og har gode evner til det. | AM12: =IFERROR(__xludf.DUMMYFUNCTION("""COMPUTED_VALUE"""),"Svært fornøyd") -> Svært fornøyd | AN12: =IFERROR(__xludf.DUMMYFUNCTION("""COMPUTED_VALUE"""),"Har ingen ting å sette fingeren på. Det er veldig bra. ") -> Har ingen ting å sette fingeren på. Det er veldig bra. | AO12: =IFERROR(__xludf.DUMMYFUNCTION("""COMPUTED_VALUE"""),"Not Answered") -> Not Answered | AP12: =IFERROR(__xludf.DUMMYFUNCTION("""COMPUTED_VALUE"""),"Jeg har ikke noe oppfølging derfra. Andre i organisasjonen har helt sikkert det, vil jeg tro. ") -> Jeg har ikke noe oppfølging derfra. Andre i organisasjonen har helt sikkert det, vil jeg tro. | AQ12: =IFERROR(__xludf.DUMMYFUNCTION("""COMPUTED_VALUE"""),"3 - star") -> 3 - star | AR12: =IFERROR(__xludf.DUMMYFUNCTION("""COMPUTED_VALUE"""),"Jeg kjenner ikke til kostnaden. Jeg er produktleder og har ikke noe personalansvar sånn sett, blant annet så forholder jeg meg ikke til lønnskostnader. ") -> Jeg kjenner ikke til kostnaden. Jeg er produktleder og har ikke noe personalansvar sånn sett, blant annet så forholder jeg meg ikke til lønnskostnader. | AS12: =IFERROR(__xludf.DUMMYFUNCTION("""COMPUTED_VALUE"""),"Nei. ") -> Nei. | AT12: =if(ISNUMBER(A12),B12,) -> 45594.684 | AU12: =if(ISNUMBER(A12),M12,) -> NAV | AV12: =IFERROR(__xludf.DUMMYFUNCTION("if(ISNUMBER(A12),FILTER(N12:AF12,REGEXMATCH(N12:AF12, ""Not Answered"")=FALSE),)"),"Joar Aurdal") -> Joar Aurdal | AW12: =if(ISNUMBER($C12), VLOOKUP(AV12, konsulenter!$A$1:$B99,2,false),) -> #N/A | AX12: =if(ISNUMBER($C12), VLOOKUP(AG12, mapping!$A$2:$B99,2,false),) -> 6 | AY12: =if(ISNUMBER($C12), IF(AH12="Not Answered","-",AH12),) -> Joar er svært dyktig senior utvikler. Blant annet er han alltid å regne med når ting er svært krevende. Det er mange positive egenskaper å trekke frem. Blant annet bidrar med psykologisk trygghet for teamet. Er god på å gi estimater på svært komplekse ting som kan ta måneder å bygge, når tid for å angi estimat er kort og med stort press på å gi de estimatene. | AZ12: =if(ISNUMBER($C12), VLOOKUP(AI12, mapping!$A$2:$B99,2,false),) -> 6 | BA12: =if(ISNUMBER($C12), IF(AJ12="Not Answered","-",AJ12),) -> Jeg kan ikke si at det er noe konkret kompetanser som jeg savner. Joar tilegner seg kompetanse i det tverrfaglige teamet som vi er, så det går bra. | BB12: =if(ISNUMBER($C12), VLOOKUP(AK12, mapping!$A$2:$B99,2,false),) -> 6 | BC12: =if(ISNUMBER($C12), IF(AL12="Not Answered","-",AL12),) -> Kompetansedeling for Joar er bra! Inkluderende og tar ansvar og har gode evner til det. | BD12: =if(ISNUMBER($C12), VLOOKUP(AM12, mapping!$A$2:$B99,2,false),) -> 6 | BE12: =if(ISNUMBER($C12), IF(AN12="Not Answered","-",AN12),) -> Har ingen ting å sette fingeren på. Det er veldig bra. | BF12: =if(ISNUMBER($C12), VLOOKUP(AO12, mapping!$A$2:$B99,2,false),) | BG12: =if(ISNUMBER($C12), IF(AP12="Not Answered","-",AP12),) -> Jeg har ikke noe oppfølging derfra. Andre i organisasjonen har helt sikkert det, vil jeg tro. | BH12: =if(ISNUMBER($C12), VLOOKUP(AQ12, mapping!$A$2:$B99,2,false),) -> 3 | BI12: =if(ISNUMBER($C12), IF(AR12="Not Answered","-",AR12),) -> Jeg kjenner ikke til kostnaden. Jeg er produktleder og har ikke noe personalansvar sånn sett, blant annet så forholder jeg meg ikke til lønnskostnader. | BJ12: =if(ISNUMBER($C12), IF(AS12="Not Answered","-",AS12),) -> Nei.
A13: =IFERROR(__xludf.DUMMYFUNCTION("""COMPUTED_VALUE"""),1.14726086951E11) -> 114726086951 | B13: =IFERROR(__xludf.DUMMYFUNCTION("""COMPUTED_VALUE"""),45597.45511574074) -> 45597.455 | C13: =IFERROR(__xludf.DUMMYFUNCTION("""COMPUTED_VALUE"""),45597.45734953704) -> 45597.457 | D13: =IFERROR(__xludf.DUMMYFUNCTION("""COMPUTED_VALUE"""),"80.203.100.46") -> 80.203.100.46 | E13: =IFERROR(__xludf.DUMMYFUNCTION("""COMPUTED_VALUE"""),192.0) -> 192 | F13: =IFERROR(__xludf.DUMMYFUNCTION("""COMPUTED_VALUE"""),"completed") -> completed | G13: =IFERROR(__xludf.DUMMYFUNCTION("""COMPUTED_VALUE"""),"Not Answered") -> Not Answered | H13: =IFERROR(__xludf.DUMMYFUNCTION("""COMPUTED_VALUE"""),"Not Answered") -> Not Answered | I13: =IFERROR(__xludf.DUMMYFUNCTION("""COMPUTED_VALUE"""),"Not Answered") -> Not Answered | J13: =IFERROR(__xludf.DUMMYFUNCTION("""COMPUTED_VALUE"""),4.33188881E8) -> 433188881 | K13: =IFERROR(__xludf.DUMMYFUNCTION("""COMPUTED_VALUE"""),"weblink") -> weblink | L13: =IFERROR(__xludf.DUMMYFUNCTION("""COMPUTED_VALUE"""),"Not Answered") -> Not Answered | M13: =IFERROR(__xludf.DUMMYFUNCTION("""COMPUTED_VALUE"""),"NAV") -> NAV | N13: =IFERROR(__xludf.DUMMYFUNCTION("""COMPUTED_VALUE"""),"Not Answered") -> Not Answered | O13: =IFERROR(__xludf.DUMMYFUNCTION("""COMPUTED_VALUE"""),"Not Answered") -> Not Answered | P13: =IFERROR(__xludf.DUMMYFUNCTION("""COMPUTED_VALUE"""),"Not Answered") -> Not Answered | Q13: =IFERROR(__xludf.DUMMYFUNCTION("""COMPUTED_VALUE"""),"Not Answered") -> Not Answered | R13: =IFERROR(__xludf.DUMMYFUNCTION("""COMPUTED_VALUE"""),"Not Answered") -> Not Answered | S13: =IFERROR(__xludf.DUMMYFUNCTION("""COMPUTED_VALUE"""),"Not Answered") -> Not Answered | T13: =IFERROR(__xludf.DUMMYFUNCTION("""COMPUTED_VALUE"""),"Not Answered") -> Not Answered | U13: =IFERROR(__xludf.DUMMYFUNCTION("""COMPUTED_VALUE"""),"Not Answered") -> Not Answered | ... AD13: =IFERROR(__xludf.DUMMYFUNCTION("""COMPUTED_VALUE"""),"Not Answered") -> Not Answered | AE13: =IFERROR(__xludf.DUMMYFUNCTION("""COMPUTED_VALUE"""),"Håvard Andersen") -> Håvard Andersen | AF13: =IFERROR(__xludf.DUMMYFUNCTION("""COMPUTED_VALUE"""),"Not Answered") -> Not Answered | AG13: =IFERROR(__xludf.DUMMYFUNCTION("""COMPUTED_VALUE"""),"Svært fornøyd") -> Svært fornøyd | AH13: =IFERROR(__xludf.DUMMYFUNCTION("""COMPUTED_VALUE"""),"Not Answered") -> Not Answered | AI13: =IFERROR(__xludf.DUMMYFUNCTION("""COMPUTED_VALUE"""),"I stor grad") -> I stor grad | AJ13: =IFERROR(__xludf.DUMMYFUNCTION("""COMPUTED_VALUE"""),"Not Answered") -> Not Answered | AK13: =IFERROR(__xludf.DUMMYFUNCTION("""COMPUTED_VALUE"""),"Svært fornøyd") -> Svært fornøyd | AL13: =IFERROR(__xludf.DUMMYFUNCTION("""COMPUTED_VALUE"""),"Not Answered") -> Not Answered | AM13: =IFERROR(__xludf.DUMMYFUNCTION("""COMPUTED_VALUE"""),"Svært fornøyd") -> Svært fornøyd | AN13: =IFERROR(__xludf.DUMMYFUNCTION("""COMPUTED_VALUE"""),"Not Answered") -> Not Answered | AO13: =IFERROR(__xludf.DUMMYFUNCTION("""COMPUTED_VALUE"""),"Litt misfornøyd") -> Litt misfornøyd | AP13: =IFERROR(__xludf.DUMMYFUNCTION("""COMPUTED_VALUE"""),"Er veldig fornøyd med konsulenten, men hører lite fra JP bortsett fra når det bes om en evaluering av konsulenten. ") -> Er veldig fornøyd med konsulenten, men hører lite fra JP bortsett fra når det bes om en evaluering av konsulenten. | AQ13: =IFERROR(__xludf.DUMMYFUNCTION("""COMPUTED_VALUE"""),"I stor grad") -> I stor grad | AR13: =IFERROR(__xludf.DUMMYFUNCTION("""COMPUTED_VALUE"""),"Not Answered") -> Not Answered | AS13: =IFERROR(__xludf.DUMMYFUNCTION("""COMPUTED_VALUE"""),"Not Answered") -> Not Answered | AT13: =if(ISNUMBER(A13),B13,) -> 45597.455 | AU13: =if(ISNUMBER(A13),M13,) -> NAV | AV13: =IFERROR(__xludf.DUMMYFUNCTION("if(ISNUMBER(A13),FILTER(N13:AF13,REGEXMATCH(N13:AF13, ""Not Answered"")=FALSE),)"),"Håvard Andersen") -> Håvard Andersen | AW13: =if(ISNUMBER($C13), VLOOKUP(AV13, konsulenter!$A$1:$B99,2,false),) -> #N/A | AX13: =if(ISNUMBER($C13), VLOOKUP(AG13, mapping!$A$2:$B99,2,false),) -> 6 | AY13: =if(ISNUMBER($C13), IF(AH13="Not Answered","-",AH13),) -> - | AZ13: =if(ISNUMBER($C13), VLOOKUP(AI13, mapping!$A$2:$B99,2,false),) -> 6 | BA13: =if(ISNUMBER($C13), IF(AJ13="Not Answered","-",AJ13),) -> - | BB13: =if(ISNUMBER($C13), VLOOKUP(AK13, mapping!$A$2:$B99,2,false),) -> 6 | BC13: =if(ISNUMBER($C13), IF(AL13="Not Answered","-",AL13),) -> - | BD13: =if(ISNUMBER($C13), VLOOKUP(AM13, mapping!$A$2:$B99,2,false),) -> 6 | BE13: =if(ISNUMBER($C13), IF(AN13="Not Answered","-",AN13),) -> - | BF13: =if(ISNUMBER($C13), VLOOKUP(AO13, mapping!$A$2:$B99,2,false),) -> 3 | BG13: =if(ISNUMBER($C13), IF(AP13="Not Answered","-",AP13),) -> Er veldig fornøyd med konsulenten, men hører lite fra JP bortsett fra når det bes om en evaluering av konsulenten. | BH13: =if(ISNUMBER($C13), VLOOKUP(AQ13, mapping!$A$2:$B99,2,false),) -> 6 | BI13: =if(ISNUMBER($C13), IF(AR13="Not Answered","-",AR13),) -> - | BJ13: =if(ISNUMBER($C13), IF(AS13="Not Answered","-",AS13),) -> -
A14: =IFERROR(__xludf.DUMMYFUNCTION("""COMPUTED_VALUE"""),1.14727744645E11) -> 114727744645 | B14: =IFERROR(__xludf.DUMMYFUNCTION("""COMPUTED_VALUE"""),45600.39883101852) -> 45600.399 | C14: =IFERROR(__xludf.DUMMYFUNCTION("""COMPUTED_VALUE"""),45600.40399305556) -> 45600.404 | D14: =IFERROR(__xludf.DUMMYFUNCTION("""COMPUTED_VALUE"""),"77.16.212.108") -> 77.16.212.108 | E14: =IFERROR(__xludf.DUMMYFUNCTION("""COMPUTED_VALUE"""),445.0) -> 445 | F14: =IFERROR(__xludf.DUMMYFUNCTION("""COMPUTED_VALUE"""),"completed") -> completed | G14: =IFERROR(__xludf.DUMMYFUNCTION("""COMPUTED_VALUE"""),"Not Answered") -> Not Answered | H14: =IFERROR(__xludf.DUMMYFUNCTION("""COMPUTED_VALUE"""),"Not Answered") -> Not Answered | I14: =IFERROR(__xludf.DUMMYFUNCTION("""COMPUTED_VALUE"""),"Not Answered") -> Not Answered | J14: =IFERROR(__xludf.DUMMYFUNCTION("""COMPUTED_VALUE"""),4.33188881E8) -> 433188881 | K14: =IFERROR(__xludf.DUMMYFUNCTION("""COMPUTED_VALUE"""),"weblink") -> weblink | L14: =IFERROR(__xludf.DUMMYFUNCTION("""COMPUTED_VALUE"""),"Not Answered") -> Not Answered | M14: =IFERROR(__xludf.DUMMYFUNCTION("""COMPUTED_VALUE"""),"Schibsted") -> Schibsted | N14: =IFERROR(__xludf.DUMMYFUNCTION("""COMPUTED_VALUE"""),"Not Answered") -> Not Answered | O14: =IFERROR(__xludf.DUMMYFUNCTION("""COMPUTED_VALUE"""),"Not Answered") -> Not Answered | P14: =IFERROR(__xludf.DUMMYFUNCTION("""COMPUTED_VALUE"""),"Not Answered") -> Not Answered | Q14: =IFERROR(__xludf.DUMMYFUNCTION("""COMPUTED_VALUE"""),"Runar Bell") -> Runar Bell | R14: =IFERROR(__xludf.DUMMYFUNCTION("""COMPUTED_VALUE"""),"Not Answered") -> Not Answered | S14: =IFERROR(__xludf.DUMMYFUNCTION("""COMPUTED_VALUE"""),"Not Answered") -> Not Answered | T14: =IFERROR(__xludf.DUMMYFUNCTION("""COMPUTED_VALUE"""),"Not Answered") -> Not Answered | U14: =IFERROR(__xludf.DUMMYFUNCTION("""COMPUTED_VALUE"""),"Not Answered") -> Not Answered | V14: =IFERROR(__xludf.DUMMYFUNCTION("""COMPUTED_VALUE"""),"Not Answered") -> Not Answered | W14: =IFERROR(__xludf.DUMMYFUNCTION("""COMPUTED_VALUE"""),"Not Answered") -> Not Answered | X14: =IFERROR(__xludf.DUMMYFUNCTION("""COMPUTED_VALUE"""),"Not Answered") -> Not Answered | Y14: =IFERROR(__xludf.DUMMYFUNCTION("""COMPUTED_VALUE"""),"Not Answered") -> Not Answered | ... AF14: =IFERROR(__xludf.DUMMYFUNCTION("""COMPUTED_VALUE"""),"Not Answered") -> Not Answered | AG14: =IFERROR(__xludf.DUMMYFUNCTION("""COMPUTED_VALUE"""),"Svært fornøyd") -> Svært fornøyd | AH14: =IFERROR(__xludf.DUMMYFUNCTION("""COMPUTED_VALUE"""),"Runar har jobbet for oss lenge og har lang erfaring med våre systemer. Leverer alltid arbeid av høy kvalitet.") -> Runar har jobbet for oss lenge og har lang erfaring med våre systemer. Leverer alltid arbeid av høy kvalitet. | AI14: =IFERROR(__xludf.DUMMYFUNCTION("""COMPUTED_VALUE"""),"I stor grad") -> I stor grad | AJ14: =IFERROR(__xludf.DUMMYFUNCTION("""COMPUTED_VALUE"""),"Not Answered") -> Not Answered | AK14: =IFERROR(__xludf.DUMMYFUNCTION("""COMPUTED_VALUE"""),"Svært fornøyd") -> Svært fornøyd | AL14: =IFERROR(__xludf.DUMMYFUNCTION("""COMPUTED_VALUE"""),"Not Answered") -> Not Answered | AM14: =IFERROR(__xludf.DUMMYFUNCTION("""COMPUTED_VALUE"""),"Svært fornøyd") -> Svært fornøyd | AN14: =IFERROR(__xludf.DUMMYFUNCTION("""COMPUTED_VALUE"""),"Not Answered") -> Not Answered | AO14: =IFERROR(__xludf.DUMMYFUNCTION("""COMPUTED_VALUE"""),"Svært fornøyd") -> Svært fornøyd | AP14: =IFERROR(__xludf.DUMMYFUNCTION("""COMPUTED_VALUE"""),"Not Answered") -> Not Answered | AQ14: =IFERROR(__xludf.DUMMYFUNCTION("""COMPUTED_VALUE"""),"5 - star") -> 5 - star | AR14: =IFERROR(__xludf.DUMMYFUNCTION("""COMPUTED_VALUE"""),"Not Answered") -> Not Answered | AS14: =IFERROR(__xludf.DUMMYFUNCTION("""COMPUTED_VALUE"""),"Ikke for øyeblikket") -> Ikke for øyeblikket | AT14: =if(ISNUMBER(A14),B14,) -> 45600.399 | AU14: =if(ISNUMBER(A14),M14,) -> Schibsted | AV14: =IFERROR(__xludf.DUMMYFUNCTION("if(ISNUMBER(A14),FILTER(N14:AF14,REGEXMATCH(N14:AF14, ""Not Answered"")=FALSE),)"),"Runar Bell") -> Runar Bell | AW14: =if(ISNUMBER($C14), VLOOKUP(AV14, konsulenter!$A$1:$B99,2,false),) -> #N/A | AX14: =if(ISNUMBER($C14), VLOOKUP(AG14, mapping!$A$2:$B99,2,false),) -> 6 | AY14: =if(ISNUMBER($C14), IF(AH14="Not Answered","-",AH14),) -> Runar har jobbet for oss lenge og har lang erfaring med våre systemer. Leverer alltid arbeid av høy kvalitet. | AZ14: =if(ISNUMBER($C14), VLOOKUP(AI14, mapping!$A$2:$B99,2,false),) -> 6 | BA14: =if(ISNUMBER($C14), IF(AJ14="Not Answered","-",AJ14),) -> - | BB14: =if(ISNUMBER($C14), VLOOKUP(AK14, mapping!$A$2:$B99,2,false),) -> 6 | BC14: =if(ISNUMBER($C14), IF(AL14="Not Answered","-",AL14),) -> - | BD14: =if(ISNUMBER($C14), VLOOKUP(AM14, mapping!$A$2:$B99,2,false),) -> 6 | BE14: =if(ISNUMBER($C14), IF(AN14="Not Answered","-",AN14),) -> - | BF14: =if(ISNUMBER($C14), VLOOKUP(AO14, mapping!$A$2:$B99,2,false),) -> 6 | BG14: =if(ISNUMBER($C14), IF(AP14="Not Answered","-",AP14),) -> - | BH14: =if(ISNUMBER($C14), VLOOKUP(AQ14, mapping!$A$2:$B99,2,false),) -> 5 | BI14: =if(ISNUMBER($C14), IF(AR14="Not Answered","-",AR14),) -> - | BJ14: =if(ISNUMBER($C14), IF(AS14="Not Answered","-",AS14),) -> Ikke for øyeblikket
A15: =IFERROR(__xludf.DUMMYFUNCTION("""COMPUTED_VALUE"""),1.1472774862E11) -> 114727748620 | B15: =IFERROR(__xludf.DUMMYFUNCTION("""COMPUTED_VALUE"""),45600.404340277775) -> 45600.404 | C15: =IFERROR(__xludf.DUMMYFUNCTION("""COMPUTED_VALUE"""),45600.40752314815) -> 45600.408 | D15: =IFERROR(__xludf.DUMMYFUNCTION("""COMPUTED_VALUE"""),"77.16.212.108") -> 77.16.212.108 | E15: =IFERROR(__xludf.DUMMYFUNCTION("""COMPUTED_VALUE"""),274.0) -> 274 | F15: =IFERROR(__xludf.DUMMYFUNCTION("""COMPUTED_VALUE"""),"completed") -> completed | G15: =IFERROR(__xludf.DUMMYFUNCTION("""COMPUTED_VALUE"""),"Not Answered") -> Not Answered | H15: =IFERROR(__xludf.DUMMYFUNCTION("""COMPUTED_VALUE"""),"Not Answered") -> Not Answered | I15: =IFERROR(__xludf.DUMMYFUNCTION("""COMPUTED_VALUE"""),"Not Answered") -> Not Answered | J15: =IFERROR(__xludf.DUMMYFUNCTION("""COMPUTED_VALUE"""),4.33188881E8) -> 433188881 | K15: =IFERROR(__xludf.DUMMYFUNCTION("""COMPUTED_VALUE"""),"weblink") -> weblink | L15: =IFERROR(__xludf.DUMMYFUNCTION("""COMPUTED_VALUE"""),"Not Answered") -> Not Answered | M15: =IFERROR(__xludf.DUMMYFUNCTION("""COMPUTED_VALUE"""),"Schibsted") -> Schibsted | N15: =IFERROR(__xludf.DUMMYFUNCTION("""COMPUTED_VALUE"""),"Not Answered") -> Not Answered | O15: =IFERROR(__xludf.DUMMYFUNCTION("""COMPUTED_VALUE"""),"Not Answered") -> Not Answered | P15: =IFERROR(__xludf.DUMMYFUNCTION("""COMPUTED_VALUE"""),"Not Answered") -> Not Answered | Q15: =IFERROR(__xludf.DUMMYFUNCTION("""COMPUTED_VALUE"""),"Lars-Olof Moilanen") -> Lars-Olof Moilanen | R15: =IFERROR(__xludf.DUMMYFUNCTION("""COMPUTED_VALUE"""),"Not Answered") -> Not Answered | S15: =IFERROR(__xludf.DUMMYFUNCTION("""COMPUTED_VALUE"""),"Not Answered") -> Not Answered | T15: =IFERROR(__xludf.DUMMYFUNCTION("""COMPUTED_VALUE"""),"Not Answered") -> Not Answered | U15: =IFERROR(__xludf.DUMMYFUNCTION("""COMPUTED_VALUE"""),"Not Answered") -> Not Answered | V15: =IFERROR(__xludf.DUMMYFUNCTION("""COMPUTED_VALUE"""),"Not Answered") -> Not Answered | W15: =IFERROR(__xludf.DUMMYFUNCTION("""COMPUTED_VALUE"""),"Not Answered") -> Not Answered | X15: =IFERROR(__xludf.DUMMYFUNCTION("""COMPUTED_VALUE"""),"Not Answered") -> Not Answered | Y15: =IFERROR(__xludf.DUMMYFUNCTION("""COMPUTED_VALUE"""),"Not Answered") -> Not Answered | ... AF15: =IFERROR(__xludf.DUMMYFUNCTION("""COMPUTED_VALUE"""),"Not Answered") -> Not Answered | AG15: =IFERROR(__xludf.DUMMYFUNCTION("""COMPUTED_VALUE"""),"Svært fornøyd") -> Svært fornøyd | AH15: =IFERROR(__xludf.DUMMYFUNCTION("""COMPUTED_VALUE"""),"Lars-Olof leverer arbeid av høy kvalitet, og er tar alle utfordringer på strak arm. En god ressurs og ha på teamet.") -> Lars-Olof leverer arbeid av høy kvalitet, og er tar alle utfordringer på strak arm. En god ressurs og ha på teamet. | AI15: =IFERROR(__xludf.DUMMYFUNCTION("""COMPUTED_VALUE"""),"I stor grad") -> I stor grad | AJ15: =IFERROR(__xludf.DUMMYFUNCTION("""COMPUTED_VALUE"""),"Not Answered") -> Not Answered | AK15: =IFERROR(__xludf.DUMMYFUNCTION("""COMPUTED_VALUE"""),"Ganske fornøyd ") -> Ganske fornøyd | AL15: =IFERROR(__xludf.DUMMYFUNCTION("""COMPUTED_VALUE"""),"Not Answered") -> Not Answered | AM15: =IFERROR(__xludf.DUMMYFUNCTION("""COMPUTED_VALUE"""),"Svært fornøyd") -> Svært fornøyd | AN15: =IFERROR(__xludf.DUMMYFUNCTION("""COMPUTED_VALUE"""),"Not Answered") -> Not Answered | AO15: =IFERROR(__xludf.DUMMYFUNCTION("""COMPUTED_VALUE"""),"Svært fornøyd") -> Svært fornøyd | AP15: =IFERROR(__xludf.DUMMYFUNCTION("""COMPUTED_VALUE"""),"Not Answered") -> Not Answered | AQ15: =IFERROR(__xludf.DUMMYFUNCTION("""COMPUTED_VALUE"""),"5 - star") -> 5 - star | AR15: =IFERROR(__xludf.DUMMYFUNCTION("""COMPUTED_VALUE"""),"Not Answered") -> Not Answered | AS15: =IFERROR(__xludf.DUMMYFUNCTION("""COMPUTED_VALUE"""),"Ikke for øyeblikket") -> Ikke for øyeblikket | AT15: =if(ISNUMBER(A15),B15,) -> 45600.404 | AU15: =if(ISNUMBER(A15),M15,) -> Schibsted | AV15: =IFERROR(__xludf.DUMMYFUNCTION("if(ISNUMBER(A15),FILTER(N15:AF15,REGEXMATCH(N15:AF15, ""Not Answered"")=FALSE),)"),"Lars-Olof Moilanen") -> Lars-Olof Moilanen | AW15: =if(ISNUMBER($C15), VLOOKUP(AV15, konsulenter!$A$1:$B99,2,false),) -> #N/A | AX15: =if(ISNUMBER($C15), VLOOKUP(AG15, mapping!$A$2:$B99,2,false),) -> 6 | AY15: =if(ISNUMBER($C15), IF(AH15="Not Answered","-",AH15),) -> Lars-Olof leverer arbeid av høy kvalitet, og er tar alle utfordringer på strak arm. En god ressurs og ha på teamet. | AZ15: =if(ISNUMBER($C15), VLOOKUP(AI15, mapping!$A$2:$B99,2,false),) -> 6 | BA15: =if(ISNUMBER($C15), IF(AJ15="Not Answered","-",AJ15),) -> - | BB15: =if(ISNUMBER($C15), VLOOKUP(AK15, mapping!$A$2:$B99,2,false),) -> 5 | BC15: =if(ISNUMBER($C15), IF(AL15="Not Answered","-",AL15),) -> - | BD15: =if(ISNUMBER($C15), VLOOKUP(AM15, mapping!$A$2:$B99,2,false),) -> 6 | BE15: =if(ISNUMBER($C15), IF(AN15="Not Answered","-",AN15),) -> - | BF15: =if(ISNUMBER($C15), VLOOKUP(AO15, mapping!$A$2:$B99,2,false),) -> 6 | BG15: =if(ISNUMBER($C15), IF(AP15="Not Answered","-",AP15),) -> - | BH15: =if(ISNUMBER($C15), VLOOKUP(AQ15, mapping!$A$2:$B99,2,false),) -> 5 | BI15: =if(ISNUMBER($C15), IF(AR15="Not Answered","-",AR15),) -> - | BJ15: =if(ISNUMBER($C15), IF(AS15="Not Answered","-",AS15),) -> Ikke for øyeblikket
A16: =IFERROR(__xludf.DUMMYFUNCTION("""COMPUTED_VALUE"""),1.14727750916E11) -> 114727750916 | B16: =IFERROR(__xludf.DUMMYFUNCTION("""COMPUTED_VALUE"""),45600.40763888889) -> 45600.408 | C16: =IFERROR(__xludf.DUMMYFUNCTION("""COMPUTED_VALUE"""),45600.41074074074) -> 45600.411 | D16: =IFERROR(__xludf.DUMMYFUNCTION("""COMPUTED_VALUE"""),"77.16.212.108") -> 77.16.212.108 | E16: =IFERROR(__xludf.DUMMYFUNCTION("""COMPUTED_VALUE"""),267.0) -> 267 | F16: =IFERROR(__xludf.DUMMYFUNCTION("""COMPUTED_VALUE"""),"completed") -> completed | G16: =IFERROR(__xludf.DUMMYFUNCTION("""COMPUTED_VALUE"""),"Not Answered") -> Not Answered | H16: =IFERROR(__xludf.DUMMYFUNCTION("""COMPUTED_VALUE"""),"Not Answered") -> Not Answered | I16: =IFERROR(__xludf.DUMMYFUNCTION("""COMPUTED_VALUE"""),"Not Answered") -> Not Answered | J16: =IFERROR(__xludf.DUMMYFUNCTION("""COMPUTED_VALUE"""),4.33188881E8) -> 433188881 | K16: =IFERROR(__xludf.DUMMYFUNCTION("""COMPUTED_VALUE"""),"weblink") -> weblink | L16: =IFERROR(__xludf.DUMMYFUNCTION("""COMPUTED_VALUE"""),"Not Answered") -> Not Answered | M16: =IFERROR(__xludf.DUMMYFUNCTION("""COMPUTED_VALUE"""),"Schibsted") -> Schibsted | N16: =IFERROR(__xludf.DUMMYFUNCTION("""COMPUTED_VALUE"""),"Not Answered") -> Not Answered | O16: =IFERROR(__xludf.DUMMYFUNCTION("""COMPUTED_VALUE"""),"Not Answered") -> Not Answered | P16: =IFERROR(__xludf.DUMMYFUNCTION("""COMPUTED_VALUE"""),"Not Answered") -> Not Answered | Q16: =IFERROR(__xludf.DUMMYFUNCTION("""COMPUTED_VALUE"""),"Geoffrey Rekier") -> Geoffrey Rekier | R16: =IFERROR(__xludf.DUMMYFUNCTION("""COMPUTED_VALUE"""),"Not Answered") -> Not Answered | S16: =IFERROR(__xludf.DUMMYFUNCTION("""COMPUTED_VALUE"""),"Not Answered") -> Not Answered | T16: =IFERROR(__xludf.DUMMYFUNCTION("""COMPUTED_VALUE"""),"Not Answered") -> Not Answered | U16: =IFERROR(__xludf.DUMMYFUNCTION("""COMPUTED_VALUE"""),"Not Answered") -> Not Answered | V16: =IFERROR(__xludf.DUMMYFUNCTION("""COMPUTED_VALUE"""),"Not Answered") -> Not Answered | W16: =IFERROR(__xludf.DUMMYFUNCTION("""COMPUTED_VALUE"""),"Not Answered") -> Not Answered | X16: =IFERROR(__xludf.DUMMYFUNCTION("""COMPUTED_VALUE"""),"Not Answered") -> Not Answered | Y16: =IFERROR(__xludf.DUMMYFUNCTION("""COMPUTED_VALUE"""),"Not Answered") -> Not Answered | ... AF16: =IFERROR(__xludf.DUMMYFUNCTION("""COMPUTED_VALUE"""),"Not Answered") -> Not Answered | AG16: =IFERROR(__xludf.DUMMYFUNCTION("""COMPUTED_VALUE"""),"Svært fornøyd") -> Svært fornøyd | AH16: =IFERROR(__xludf.DUMMYFUNCTION("""COMPUTED_VALUE"""),"Geoffrey er en veldig dyktig utvikler som jobber med flere av våre mest kritiske systemer ") -> Geoffrey er en veldig dyktig utvikler som jobber med flere av våre mest kritiske systemer | AI16: =IFERROR(__xludf.DUMMYFUNCTION("""COMPUTED_VALUE"""),"I stor grad") -> I stor grad | AJ16: =IFERROR(__xludf.DUMMYFUNCTION("""COMPUTED_VALUE"""),"Not Answered") -> Not Answered | AK16: =IFERROR(__xludf.DUMMYFUNCTION("""COMPUTED_VALUE"""),"Ganske fornøyd ") -> Ganske fornøyd | AL16: =IFERROR(__xludf.DUMMYFUNCTION("""COMPUTED_VALUE"""),"Not Answered") -> Not Answered | AM16: =IFERROR(__xludf.DUMMYFUNCTION("""COMPUTED_VALUE"""),"Ganske fornøyd") -> Ganske fornøyd | AN16: =IFERROR(__xludf.DUMMYFUNCTION("""COMPUTED_VALUE"""),"Not Answered") -> Not Answered | AO16: =IFERROR(__xludf.DUMMYFUNCTION("""COMPUTED_VALUE"""),"Svært fornøyd") -> Svært fornøyd | AP16: =IFERROR(__xludf.DUMMYFUNCTION("""COMPUTED_VALUE"""),"Not Answered") -> Not Answered | AQ16: =IFERROR(__xludf.DUMMYFUNCTION("""COMPUTED_VALUE"""),"5 - star") -> 5 - star | AR16: =IFERROR(__xludf.DUMMYFUNCTION("""COMPUTED_VALUE"""),"Not Answered") -> Not Answered | AS16: =IFERROR(__xludf.DUMMYFUNCTION("""COMPUTED_VALUE"""),"Ikke for øyeblikket") -> Ikke for øyeblikket | AT16: =if(ISNUMBER(A16),B16,) -> 45600.408 | AU16: =if(ISNUMBER(A16),M16,) -> Schibsted | AV16: =IFERROR(__xludf.DUMMYFUNCTION("if(ISNUMBER(A16),FILTER(N16:AF16,REGEXMATCH(N16:AF16, ""Not Answered"")=FALSE),)"),"Geoffrey Rekier") -> Geoffrey Rekier | AW16: =if(ISNUMBER($C16), VLOOKUP(AV16, konsulenter!$A$1:$B99,2,false),) -> #N/A | AX16: =if(ISNUMBER($C16), VLOOKUP(AG16, mapping!$A$2:$B99,2,false),) -> 6 | AY16: =if(ISNUMBER($C16), IF(AH16="Not Answered","-",AH16),) -> Geoffrey er en veldig dyktig utvikler som jobber med flere av våre mest kritiske systemer | AZ16: =if(ISNUMBER($C16), VLOOKUP(AI16, mapping!$A$2:$B99,2,false),) -> 6 | BA16: =if(ISNUMBER($C16), IF(AJ16="Not Answered","-",AJ16),) -> - | BB16: =if(ISNUMBER($C16), VLOOKUP(AK16, mapping!$A$2:$B99,2,false),) -> 5 | BC16: =if(ISNUMBER($C16), IF(AL16="Not Answered","-",AL16),) -> - | BD16: =if(ISNUMBER($C16), VLOOKUP(AM16, mapping!$A$2:$B99,2,false),) -> 5 | BE16: =if(ISNUMBER($C16), IF(AN16="Not Answered","-",AN16),) -> - | BF16: =if(ISNUMBER($C16), VLOOKUP(AO16, mapping!$A$2:$B99,2,false),) -> 6 | BG16: =if(ISNUMBER($C16), IF(AP16="Not Answered","-",AP16),) -> - | BH16: =if(ISNUMBER($C16), VLOOKUP(AQ16, mapping!$A$2:$B99,2,false),) -> 5 | BI16: =if(ISNUMBER($C16), IF(AR16="Not Answered","-",AR16),) -> - | BJ16: =if(ISNUMBER($C16), IF(AS16="Not Answered","-",AS16),) -> Ikke for øyeblikket
A17: =IFERROR(__xludf.DUMMYFUNCTION("""COMPUTED_VALUE"""),1.14727795056E11) -> 114727795056 | B17: =IFERROR(__xludf.DUMMYFUNCTION("""COMPUTED_VALUE"""),45600.467303240745) -> 45600.467 | C17: =IFERROR(__xludf.DUMMYFUNCTION("""COMPUTED_VALUE"""),45600.46844907408) -> 45600.468 | D17: =IFERROR(__xludf.DUMMYFUNCTION("""COMPUTED_VALUE"""),"155.55.51.186") -> 155.55.51.186 | E17: =IFERROR(__xludf.DUMMYFUNCTION("""COMPUTED_VALUE"""),99.0) -> 99 | F17: =IFERROR(__xludf.DUMMYFUNCTION("""COMPUTED_VALUE"""),"completed") -> completed | G17: =IFERROR(__xludf.DUMMYFUNCTION("""COMPUTED_VALUE"""),"Not Answered") -> Not Answered | H17: =IFERROR(__xludf.DUMMYFUNCTION("""COMPUTED_VALUE"""),"Not Answered") -> Not Answered | I17: =IFERROR(__xludf.DUMMYFUNCTION("""COMPUTED_VALUE"""),"Not Answered") -> Not Answered | J17: =IFERROR(__xludf.DUMMYFUNCTION("""COMPUTED_VALUE"""),4.33188881E8) -> 433188881 | K17: =IFERROR(__xludf.DUMMYFUNCTION("""COMPUTED_VALUE"""),"weblink") -> weblink | L17: =IFERROR(__xludf.DUMMYFUNCTION("""COMPUTED_VALUE"""),"Not Answered") -> Not Answered | M17: =IFERROR(__xludf.DUMMYFUNCTION("""COMPUTED_VALUE"""),"NAV") -> NAV | N17: =IFERROR(__xludf.DUMMYFUNCTION("""COMPUTED_VALUE"""),"Not Answered") -> Not Answered | O17: =IFERROR(__xludf.DUMMYFUNCTION("""COMPUTED_VALUE"""),"Not Answered") -> Not Answered | P17: =IFERROR(__xludf.DUMMYFUNCTION("""COMPUTED_VALUE"""),"Not Answered") -> Not Answered | Q17: =IFERROR(__xludf.DUMMYFUNCTION("""COMPUTED_VALUE"""),"Not Answered") -> Not Answered | R17: =IFERROR(__xludf.DUMMYFUNCTION("""COMPUTED_VALUE"""),"Not Answered") -> Not Answered | S17: =IFERROR(__xludf.DUMMYFUNCTION("""COMPUTED_VALUE"""),"Not Answered") -> Not Answered | T17: =IFERROR(__xludf.DUMMYFUNCTION("""COMPUTED_VALUE"""),"Not Answered") -> Not Answered | U17: =IFERROR(__xludf.DUMMYFUNCTION("""COMPUTED_VALUE"""),"Not Answered") -> Not Answered | ... AD17: =IFERROR(__xludf.DUMMYFUNCTION("""COMPUTED_VALUE"""),"Not Answered") -> Not Answered | AE17: =IFERROR(__xludf.DUMMYFUNCTION("""COMPUTED_VALUE"""),"Anton Fofanov") -> Anton Fofanov | AF17: =IFERROR(__xludf.DUMMYFUNCTION("""COMPUTED_VALUE"""),"Not Answered") -> Not Answered | AG17: =IFERROR(__xludf.DUMMYFUNCTION("""COMPUTED_VALUE"""),"Svært fornøyd") -> Svært fornøyd | AH17: =IFERROR(__xludf.DUMMYFUNCTION("""COMPUTED_VALUE"""),"Not Answered") -> Not Answered | AI17: =IFERROR(__xludf.DUMMYFUNCTION("""COMPUTED_VALUE"""),"I stor grad") -> I stor grad | AJ17: =IFERROR(__xludf.DUMMYFUNCTION("""COMPUTED_VALUE"""),"Not Answered") -> Not Answered | AK17: =IFERROR(__xludf.DUMMYFUNCTION("""COMPUTED_VALUE"""),"Litt fornøyd") -> Litt fornøyd | AL17: =IFERROR(__xludf.DUMMYFUNCTION("""COMPUTED_VALUE"""),"Not Answered") -> Not Answered | AM17: =IFERROR(__xludf.DUMMYFUNCTION("""COMPUTED_VALUE"""),"Ganske fornøyd") -> Ganske fornøyd | AN17: =IFERROR(__xludf.DUMMYFUNCTION("""COMPUTED_VALUE"""),"Not Answered") -> Not Answered | AO17: =IFERROR(__xludf.DUMMYFUNCTION("""COMPUTED_VALUE"""),"Not Answered") -> Not Answered | AP17: =IFERROR(__xludf.DUMMYFUNCTION("""COMPUTED_VALUE"""),"Not Answered") -> Not Answered | AQ17: =IFERROR(__xludf.DUMMYFUNCTION("""COMPUTED_VALUE"""),"3 - star") -> 3 - star | AR17: =IFERROR(__xludf.DUMMYFUNCTION("""COMPUTED_VALUE"""),"Jeg har ikke innsyn i pris/avtaler.") -> Jeg har ikke innsyn i pris/avtaler. | AS17: =IFERROR(__xludf.DUMMYFUNCTION("""COMPUTED_VALUE"""),"Not Answered") -> Not Answered | AT17: =if(ISNUMBER(A17),B17,) -> 45600.467 | AU17: =if(ISNUMBER(A17),M17,) -> NAV | AV17: =IFERROR(__xludf.DUMMYFUNCTION("if(ISNUMBER(A17),FILTER(N17:AF17,REGEXMATCH(N17:AF17, ""Not Answered"")=FALSE),)"),"Anton Fofanov") -> Anton Fofanov | AW17: =if(ISNUMBER($C17), VLOOKUP(AV17, konsulenter!$A$1:$B99,2,false),) -> #N/A | AX17: =if(ISNUMBER($C17), VLOOKUP(AG17, mapping!$A$2:$B99,2,false),) -> 6 | AY17: =if(ISNUMBER($C17), IF(AH17="Not Answered","-",AH17),) -> - | AZ17: =if(ISNUMBER($C17), VLOOKUP(AI17, mapping!$A$2:$B99,2,false),) -> 6 | BA17: =if(ISNUMBER($C17), IF(AJ17="Not Answered","-",AJ17),) -> - | BB17: =if(ISNUMBER($C17), VLOOKUP(AK17, mapping!$A$2:$B99,2,false),) -> 4 | BC17: =if(ISNUMBER($C17), IF(AL17="Not Answered","-",AL17),) -> - | BD17: =if(ISNUMBER($C17), VLOOKUP(AM17, mapping!$A$2:$B99,2,false),) -> 5 | BE17: =if(ISNUMBER($C17), IF(AN17="Not Answered","-",AN17),) -> - | BF17: =if(ISNUMBER($C17), VLOOKUP(AO17, mapping!$A$2:$B99,2,false),) | BG17: =if(ISNUMBER($C17), IF(AP17="Not Answered","-",AP17),) -> - | BH17: =if(ISNUMBER($C17), VLOOKUP(AQ17, mapping!$A$2:$B99,2,false),) -> 3 | BI17: =if(ISNUMBER($C17), IF(AR17="Not Answered","-",AR17),) -> Jeg har ikke innsyn i pris/avtaler. | BJ17: =if(ISNUMBER($C17), IF(AS17="Not Answered","-",AS17),) -> -
A18: =IFERROR(__xludf.DUMMYFUNCTION("""COMPUTED_VALUE"""),1.14727860401E11) -> 114727860401 | B18: =IFERROR(__xludf.DUMMYFUNCTION("""COMPUTED_VALUE"""),45600.55229166667) -> 45600.552 | C18: =IFERROR(__xludf.DUMMYFUNCTION("""COMPUTED_VALUE"""),45600.554398148146) -> 45600.554 | D18: =IFERROR(__xludf.DUMMYFUNCTION("""COMPUTED_VALUE"""),"151.187.161.6") -> 151.187.161.6 | E18: =IFERROR(__xludf.DUMMYFUNCTION("""COMPUTED_VALUE"""),181.0) -> 181 | F18: =IFERROR(__xludf.DUMMYFUNCTION("""COMPUTED_VALUE"""),"completed") -> completed | G18: =IFERROR(__xludf.DUMMYFUNCTION("""COMPUTED_VALUE"""),"Not Answered") -> Not Answered | H18: =IFERROR(__xludf.DUMMYFUNCTION("""COMPUTED_VALUE"""),"Not Answered") -> Not Answered | I18: =IFERROR(__xludf.DUMMYFUNCTION("""COMPUTED_VALUE"""),"Not Answered") -> Not Answered | J18: =IFERROR(__xludf.DUMMYFUNCTION("""COMPUTED_VALUE"""),4.33188881E8) -> 433188881 | K18: =IFERROR(__xludf.DUMMYFUNCTION("""COMPUTED_VALUE"""),"weblink") -> weblink | L18: =IFERROR(__xludf.DUMMYFUNCTION("""COMPUTED_VALUE"""),"Not Answered") -> Not Answered | M18: =IFERROR(__xludf.DUMMYFUNCTION("""COMPUTED_VALUE"""),"Skatteetaten") -> Skatteetaten | N18: =IFERROR(__xludf.DUMMYFUNCTION("""COMPUTED_VALUE"""),"Anders Karlsen") -> Anders Karlsen | O18: =IFERROR(__xludf.DUMMYFUNCTION("""COMPUTED_VALUE"""),"Not Answered") -> Not Answered | P18: =IFERROR(__xludf.DUMMYFUNCTION("""COMPUTED_VALUE"""),"Not Answered") -> Not Answered | Q18: =IFERROR(__xludf.DUMMYFUNCTION("""COMPUTED_VALUE"""),"Not Answered") -> Not Answered | R18: =IFERROR(__xludf.DUMMYFUNCTION("""COMPUTED_VALUE"""),"Not Answered") -> Not Answered | S18: =IFERROR(__xludf.DUMMYFUNCTION("""COMPUTED_VALUE"""),"Not Answered") -> Not Answered | T18: =IFERROR(__xludf.DUMMYFUNCTION("""COMPUTED_VALUE"""),"Not Answered") -> Not Answered | U18: =IFERROR(__xludf.DUMMYFUNCTION("""COMPUTED_VALUE"""),"Not Answered") -> Not Answered | V18: =IFERROR(__xludf.DUMMYFUNCTION("""COMPUTED_VALUE"""),"Not Answered") -> Not Answered | ... AF18: =IFERROR(__xludf.DUMMYFUNCTION("""COMPUTED_VALUE"""),"Not Answered") -> Not Answered | AG18: =IFERROR(__xludf.DUMMYFUNCTION("""COMPUTED_VALUE"""),"Svært fornøyd") -> Svært fornøyd | AH18: =IFERROR(__xludf.DUMMYFUNCTION("""COMPUTED_VALUE"""),"Not Answered") -> Not Answered | AI18: =IFERROR(__xludf.DUMMYFUNCTION("""COMPUTED_VALUE"""),"I stor grad") -> I stor grad | AJ18: =IFERROR(__xludf.DUMMYFUNCTION("""COMPUTED_VALUE"""),"Not Answered") -> Not Answered | AK18: =IFERROR(__xludf.DUMMYFUNCTION("""COMPUTED_VALUE"""),"Ganske fornøyd ") -> Ganske fornøyd | AL18: =IFERROR(__xludf.DUMMYFUNCTION("""COMPUTED_VALUE"""),"Akkurat startet hos oss, så litt tidlig å uttale seg og i hvert fall gi full score") -> Akkurat startet hos oss, så litt tidlig å uttale seg og i hvert fall gi full score | AM18: =IFERROR(__xludf.DUMMYFUNCTION("""COMPUTED_VALUE"""),"Svært fornøyd") -> Svært fornøyd | AN18: =IFERROR(__xludf.DUMMYFUNCTION("""COMPUTED_VALUE"""),"Not Answered") -> Not Answered | AO18: =IFERROR(__xludf.DUMMYFUNCTION("""COMPUTED_VALUE"""),"Not Answered") -> Not Answered | AP18: =IFERROR(__xludf.DUMMYFUNCTION("""COMPUTED_VALUE"""),"Står over denne. Siden jeg som teamleder ikke har så mye kontakt med dere") -> Står over denne. Siden jeg som teamleder ikke har så mye kontakt med dere | AQ18: =IFERROR(__xludf.DUMMYFUNCTION("""COMPUTED_VALUE"""),"I stor grad") -> I stor grad | AR18: =IFERROR(__xludf.DUMMYFUNCTION("""COMPUTED_VALUE"""),"Not Answered") -> Not Answered | AS18: =IFERROR(__xludf.DUMMYFUNCTION("""COMPUTED_VALUE"""),"Nei") -> Nei | AT18: =if(ISNUMBER(A18),B18,) -> 45600.552 | AU18: =if(ISNUMBER(A18),M18,) -> Skatteetaten | AV18: =IFERROR(__xludf.DUMMYFUNCTION("if(ISNUMBER(A18),FILTER(N18:AF18,REGEXMATCH(N18:AF18, ""Not Answered"")=FALSE),)"),"Anders Karlsen") -> Anders Karlsen | AW18: =if(ISNUMBER($C18), VLOOKUP(AV18, konsulenter!$A$1:$B99,2,false),) -> #N/A | AX18: =if(ISNUMBER($C18), VLOOKUP(AG18, mapping!$A$2:$B99,2,false),) -> 6 | AY18: =if(ISNUMBER($C18), IF(AH18="Not Answered","-",AH18),) -> - | AZ18: =if(ISNUMBER($C18), VLOOKUP(AI18, mapping!$A$2:$B99,2,false),) -> 6 | BA18: =if(ISNUMBER($C18), IF(AJ18="Not Answered","-",AJ18),) -> - | BB18: =if(ISNUMBER($C18), VLOOKUP(AK18, mapping!$A$2:$B99,2,false),) -> 5 | BC18: =if(ISNUMBER($C18), IF(AL18="Not Answered","-",AL18),) -> Akkurat startet hos oss, så litt tidlig å uttale seg og i hvert fall gi full score | BD18: =if(ISNUMBER($C18), VLOOKUP(AM18, mapping!$A$2:$B99,2,false),) -> 6 | BE18: =if(ISNUMBER($C18), IF(AN18="Not Answered","-",AN18),) -> - | BF18: =if(ISNUMBER($C18), VLOOKUP(AO18, mapping!$A$2:$B99,2,false),) | BG18: =if(ISNUMBER($C18), IF(AP18="Not Answered","-",AP18),) -> Står over denne. Siden jeg som teamleder ikke har så mye kontakt med dere | BH18: =if(ISNUMBER($C18), VLOOKUP(AQ18, mapping!$A$2:$B99,2,false),) -> 6 | BI18: =if(ISNUMBER($C18), IF(AR18="Not Answered","-",AR18),) -> - | BJ18: =if(ISNUMBER($C18), IF(AS18="Not Answered","-",AS18),) -> Nei
A19: =IFERROR(__xludf.DUMMYFUNCTION("""COMPUTED_VALUE"""),1.14727862304E11) -> 114727862304 | B19: =IFERROR(__xludf.DUMMYFUNCTION("""COMPUTED_VALUE"""),45600.551527777774) -> 45600.552 | C19: =IFERROR(__xludf.DUMMYFUNCTION("""COMPUTED_VALUE"""),45600.55939814815) -> 45600.559 | D19: =IFERROR(__xludf.DUMMYFUNCTION("""COMPUTED_VALUE"""),"151.187.161.6") -> 151.187.161.6 | E19: =IFERROR(__xludf.DUMMYFUNCTION("""COMPUTED_VALUE"""),679.0) -> 679 | F19: =IFERROR(__xludf.DUMMYFUNCTION("""COMPUTED_VALUE"""),"completed") -> completed | G19: =IFERROR(__xludf.DUMMYFUNCTION("""COMPUTED_VALUE"""),"Not Answered") -> Not Answered | H19: =IFERROR(__xludf.DUMMYFUNCTION("""COMPUTED_VALUE"""),"Not Answered") -> Not Answered | I19: =IFERROR(__xludf.DUMMYFUNCTION("""COMPUTED_VALUE"""),"Not Answered") -> Not Answered | J19: =IFERROR(__xludf.DUMMYFUNCTION("""COMPUTED_VALUE"""),4.33188881E8) -> 433188881 | K19: =IFERROR(__xludf.DUMMYFUNCTION("""COMPUTED_VALUE"""),"weblink") -> weblink | L19: =IFERROR(__xludf.DUMMYFUNCTION("""COMPUTED_VALUE"""),"Not Answered") -> Not Answered | M19: =IFERROR(__xludf.DUMMYFUNCTION("""COMPUTED_VALUE"""),"Skatteetaten") -> Skatteetaten | N19: =IFERROR(__xludf.DUMMYFUNCTION("""COMPUTED_VALUE"""),"Robert Andersson") -> Robert Andersson | O19: =IFERROR(__xludf.DUMMYFUNCTION("""COMPUTED_VALUE"""),"Not Answered") -> Not Answered | P19: =IFERROR(__xludf.DUMMYFUNCTION("""COMPUTED_VALUE"""),"Not Answered") -> Not Answered | Q19: =IFERROR(__xludf.DUMMYFUNCTION("""COMPUTED_VALUE"""),"Not Answered") -> Not Answered | R19: =IFERROR(__xludf.DUMMYFUNCTION("""COMPUTED_VALUE"""),"Not Answered") -> Not Answered | S19: =IFERROR(__xludf.DUMMYFUNCTION("""COMPUTED_VALUE"""),"Not Answered") -> Not Answered | T19: =IFERROR(__xludf.DUMMYFUNCTION("""COMPUTED_VALUE"""),"Not Answered") -> Not Answered | U19: =IFERROR(__xludf.DUMMYFUNCTION("""COMPUTED_VALUE"""),"Not Answered") -> Not Answered | V19: =IFERROR(__xludf.DUMMYFUNCTION("""COMPUTED_VALUE"""),"Not Answered") -> Not Answered | ... AF19: =IFERROR(__xludf.DUMMYFUNCTION("""COMPUTED_VALUE"""),"Not Answered") -> Not Answered | AG19: =IFERROR(__xludf.DUMMYFUNCTION("""COMPUTED_VALUE"""),"Svært fornøyd") -> Svært fornøyd | AH19: =IFERROR(__xludf.DUMMYFUNCTION("""COMPUTED_VALUE"""),"Not Answered") -> Not Answered | AI19: =IFERROR(__xludf.DUMMYFUNCTION("""COMPUTED_VALUE"""),"I stor grad") -> I stor grad | AJ19: =IFERROR(__xludf.DUMMYFUNCTION("""COMPUTED_VALUE"""),"Not Answered") -> Not Answered | AK19: =IFERROR(__xludf.DUMMYFUNCTION("""COMPUTED_VALUE"""),"Svært fornøyd") -> Svært fornøyd | AL19: =IFERROR(__xludf.DUMMYFUNCTION("""COMPUTED_VALUE"""),"Not Answered") -> Not Answered | AM19: =IFERROR(__xludf.DUMMYFUNCTION("""COMPUTED_VALUE"""),"Svært fornøyd") -> Svært fornøyd | AN19: =IFERROR(__xludf.DUMMYFUNCTION("""COMPUTED_VALUE"""),"Not Answered") -> Not Answered | AO19: =IFERROR(__xludf.DUMMYFUNCTION("""COMPUTED_VALUE"""),"Not Answered") -> Not Answered | AP19: =IFERROR(__xludf.DUMMYFUNCTION("""COMPUTED_VALUE"""),"Som teamleder har jeg ikke så mye kontakt med konsulentselskapet. Velger derfor å ikke svare") -> Som teamleder har jeg ikke så mye kontakt med konsulentselskapet. Velger derfor å ikke svare | AQ19: =IFERROR(__xludf.DUMMYFUNCTION("""COMPUTED_VALUE"""),"I stor grad") -> I stor grad | AR19: =IFERROR(__xludf.DUMMYFUNCTION("""COMPUTED_VALUE"""),"Not Answered") -> Not Answered | AS19: =IFERROR(__xludf.DUMMYFUNCTION("""COMPUTED_VALUE"""),"nei") -> nei | AT19: =if(ISNUMBER(A19),B19,) -> 45600.552 | AU19: =if(ISNUMBER(A19),M19,) -> Skatteetaten | AV19: =IFERROR(__xludf.DUMMYFUNCTION("if(ISNUMBER(A19),FILTER(N19:AF19,REGEXMATCH(N19:AF19, ""Not Answered"")=FALSE),)"),"Robert Andersson") -> Robert Andersson | AW19: =if(ISNUMBER($C19), VLOOKUP(AV19, konsulenter!$A$1:$B99,2,false),) -> #N/A | AX19: =if(ISNUMBER($C19), VLOOKUP(AG19, mapping!$A$2:$B99,2,false),) -> 6 | AY19: =if(ISNUMBER($C19), IF(AH19="Not Answered","-",AH19),) -> - | AZ19: =if(ISNUMBER($C19), VLOOKUP(AI19, mapping!$A$2:$B99,2,false),) -> 6 | BA19: =if(ISNUMBER($C19), IF(AJ19="Not Answered","-",AJ19),) -> - | BB19: =if(ISNUMBER($C19), VLOOKUP(AK19, mapping!$A$2:$B99,2,false),) -> 6 | BC19: =if(ISNUMBER($C19), IF(AL19="Not Answered","-",AL19),) -> - | BD19: =if(ISNUMBER($C19), VLOOKUP(AM19, mapping!$A$2:$B99,2,false),) -> 6 | BE19: =if(ISNUMBER($C19), IF(AN19="Not Answered","-",AN19),) -> - | BF19: =if(ISNUMBER($C19), VLOOKUP(AO19, mapping!$A$2:$B99,2,false),) | BG19: =if(ISNUMBER($C19), IF(AP19="Not Answered","-",AP19),) -> Som teamleder har jeg ikke så mye kontakt med konsulentselskapet. Velger derfor å ikke svare | BH19: =if(ISNUMBER($C19), VLOOKUP(AQ19, mapping!$A$2:$B99,2,false),) -> 6 | BI19: =if(ISNUMBER($C19), IF(AR19="Not Answered","-",AR19),) -> - | BJ19: =if(ISNUMBER($C19), IF(AS19="Not Answered","-",AS19),) -> nei
A20: =IFERROR(__xludf.DUMMYFUNCTION("""COMPUTED_VALUE"""),1.1472803238E11) -> 114728032380 | B20: =IFERROR(__xludf.DUMMYFUNCTION("""COMPUTED_VALUE"""),45600.68490740741) -> 45600.685 | C20: =IFERROR(__xludf.DUMMYFUNCTION("""COMPUTED_VALUE"""),45600.6890162037) -> 45600.689 | D20: =IFERROR(__xludf.DUMMYFUNCTION("""COMPUTED_VALUE"""),"88.94.38.178") -> 88.94.38.178 | E20: =IFERROR(__xludf.DUMMYFUNCTION("""COMPUTED_VALUE"""),355.0) -> 355 | F20: =IFERROR(__xludf.DUMMYFUNCTION("""COMPUTED_VALUE"""),"completed") -> completed | G20: =IFERROR(__xludf.DUMMYFUNCTION("""COMPUTED_VALUE"""),"Not Answered") -> Not Answered | H20: =IFERROR(__xludf.DUMMYFUNCTION("""COMPUTED_VALUE"""),"Not Answered") -> Not Answered | I20: =IFERROR(__xludf.DUMMYFUNCTION("""COMPUTED_VALUE"""),"Not Answered") -> Not Answered | J20: =IFERROR(__xludf.DUMMYFUNCTION("""COMPUTED_VALUE"""),4.33188881E8) -> 433188881 | K20: =IFERROR(__xludf.DUMMYFUNCTION("""COMPUTED_VALUE"""),"weblink") -> weblink | L20: =IFERROR(__xludf.DUMMYFUNCTION("""COMPUTED_VALUE"""),"Not Answered") -> Not Answered | M20: =IFERROR(__xludf.DUMMYFUNCTION("""COMPUTED_VALUE"""),"Skatteetaten") -> Skatteetaten | N20: =IFERROR(__xludf.DUMMYFUNCTION("""COMPUTED_VALUE"""),"Ole Jørgen Aurebekk") -> Ole Jørgen Aurebekk | O20: =IFERROR(__xludf.DUMMYFUNCTION("""COMPUTED_VALUE"""),"Not Answered") -> Not Answered | P20: =IFERROR(__xludf.DUMMYFUNCTION("""COMPUTED_VALUE"""),"Not Answered") -> Not Answered | Q20: =IFERROR(__xludf.DUMMYFUNCTION("""COMPUTED_VALUE"""),"Not Answered") -> Not Answered | R20: =IFERROR(__xludf.DUMMYFUNCTION("""COMPUTED_VALUE"""),"Not Answered") -> Not Answered | S20: =IFERROR(__xludf.DUMMYFUNCTION("""COMPUTED_VALUE"""),"Not Answered") -> Not Answered | T20: =IFERROR(__xludf.DUMMYFUNCTION("""COMPUTED_VALUE"""),"Not Answered") -> Not Answered | U20: =IFERROR(__xludf.DUMMYFUNCTION("""COMPUTED_VALUE"""),"Not Answered") -> Not Answered | V20: =IFERROR(__xludf.DUMMYFUNCTION("""COMPUTED_VALUE"""),"Not Answered") -> Not Answered | ... AF20: =IFERROR(__xludf.DUMMYFUNCTION("""COMPUTED_VALUE"""),"Not Answered") -> Not Answered | AG20: =IFERROR(__xludf.DUMMYFUNCTION("""COMPUTED_VALUE"""),"Svært fornøyd") -> Svært fornøyd | AH20: =IFERROR(__xludf.DUMMYFUNCTION("""COMPUTED_VALUE"""),"Ole Jørgen har vært hos oss i mange år og gjør en utmerket jobb. ") -> Ole Jørgen har vært hos oss i mange år og gjør en utmerket jobb. | AI20: =IFERROR(__xludf.DUMMYFUNCTION("""COMPUTED_VALUE"""),"I stor grad") -> I stor grad | AJ20: =IFERROR(__xludf.DUMMYFUNCTION("""COMPUTED_VALUE"""),"Not Answered") -> Not Answered | AK20: =IFERROR(__xludf.DUMMYFUNCTION("""COMPUTED_VALUE"""),"Svært fornøyd") -> Svært fornøyd | AL20: =IFERROR(__xludf.DUMMYFUNCTION("""COMPUTED_VALUE"""),"Konsumenten ledet et kompetansetiltak knyttet til AI for oss og deler ellers av sin kunnskap. ") -> Konsumenten ledet et kompetansetiltak knyttet til AI for oss og deler ellers av sin kunnskap. | AM20: =IFERROR(__xludf.DUMMYFUNCTION("""COMPUTED_VALUE"""),"Svært fornøyd") -> Svært fornøyd | AN20: =IFERROR(__xludf.DUMMYFUNCTION("""COMPUTED_VALUE"""),"Konsulenten fingere godt i teamet der han er. ") -> Konsulenten fingere godt i teamet der han er. | AO20: =IFERROR(__xludf.DUMMYFUNCTION("""COMPUTED_VALUE"""),"Not Answered") -> Not Answered | AP20: =IFERROR(__xludf.DUMMYFUNCTION("""COMPUTED_VALUE"""),"Not Answered") -> Not Answered | AQ20: =IFERROR(__xludf.DUMMYFUNCTION("""COMPUTED_VALUE"""),"I stor grad") -> I stor grad | AR20: =IFERROR(__xludf.DUMMYFUNCTION("""COMPUTED_VALUE"""),"Konsulentene våre gir et helt nødvendig bidrag.") -> Konsulentene våre gir et helt nødvendig bidrag. | AS20: =IFERROR(__xludf.DUMMYFUNCTION("""COMPUTED_VALUE"""),"Ikke akkurat nå. ") -> Ikke akkurat nå. | AT20: =if(ISNUMBER(A20),B20,) -> 45600.685 | AU20: =if(ISNUMBER(A20),M20,) -> Skatteetaten | AV20: =IFERROR(__xludf.DUMMYFUNCTION("if(ISNUMBER(A20),FILTER(N20:AF20,REGEXMATCH(N20:AF20, ""Not Answered"")=FALSE),)"),"Ole Jørgen Aurebekk") -> Ole Jørgen Aurebekk | AW20: =if(ISNUMBER($C20), VLOOKUP(AV20, konsulenter!$A$1:$B99,2,false),) -> #N/A | AX20: =if(ISNUMBER($C20), VLOOKUP(AG20, mapping!$A$2:$B99,2,false),) -> 6 | AY20: =if(ISNUMBER($C20), IF(AH20="Not Answered","-",AH20),) -> Ole Jørgen har vært hos oss i mange år og gjør en utmerket jobb. | AZ20: =if(ISNUMBER($C20), VLOOKUP(AI20, mapping!$A$2:$B99,2,false),) -> 6 | BA20: =if(ISNUMBER($C20), IF(AJ20="Not Answered","-",AJ20),) -> - | BB20: =if(ISNUMBER($C20), VLOOKUP(AK20, mapping!$A$2:$B99,2,false),) -> 6 | BC20: =if(ISNUMBER($C20), IF(AL20="Not Answered","-",AL20),) -> Konsumenten ledet et kompetansetiltak knyttet til AI for oss og deler ellers av sin kunnskap. | BD20: =if(ISNUMBER($C20), VLOOKUP(AM20, mapping!$A$2:$B99,2,false),) -> 6 | BE20: =if(ISNUMBER($C20), IF(AN20="Not Answered","-",AN20),) -> Konsulenten fingere godt i teamet der han er. | BF20: =if(ISNUMBER($C20), VLOOKUP(AO20, mapping!$A$2:$B99,2,false),) | BG20: =if(ISNUMBER($C20), IF(AP20="Not Answered","-",AP20),) -> - | BH20: =if(ISNUMBER($C20), VLOOKUP(AQ20, mapping!$A$2:$B99,2,false),) -> 6 | BI20: =if(ISNUMBER($C20), IF(AR20="Not Answered","-",AR20),) -> Konsulentene våre gir et helt nødvendig bidrag. | BJ20: =if(ISNUMBER($C20), IF(AS20="Not Answered","-",AS20),) -> Ikke akkurat nå.
A21: =IFERROR(__xludf.DUMMYFUNCTION("""COMPUTED_VALUE"""),1.14728662991E11) -> 114728662991 | B21: =IFERROR(__xludf.DUMMYFUNCTION("""COMPUTED_VALUE"""),45601.31671296296) -> 45601.317 | C21: =IFERROR(__xludf.DUMMYFUNCTION("""COMPUTED_VALUE"""),45601.32163194445) -> 45601.322 | D21: =IFERROR(__xludf.DUMMYFUNCTION("""COMPUTED_VALUE"""),"151.187.161.6") -> 151.187.161.6 | E21: =IFERROR(__xludf.DUMMYFUNCTION("""COMPUTED_VALUE"""),425.0) -> 425 | F21: =IFERROR(__xludf.DUMMYFUNCTION("""COMPUTED_VALUE"""),"completed") -> completed | G21: =IFERROR(__xludf.DUMMYFUNCTION("""COMPUTED_VALUE"""),"Not Answered") -> Not Answered | H21: =IFERROR(__xludf.DUMMYFUNCTION("""COMPUTED_VALUE"""),"Not Answered") -> Not Answered | I21: =IFERROR(__xludf.DUMMYFUNCTION("""COMPUTED_VALUE"""),"Not Answered") -> Not Answered | J21: =IFERROR(__xludf.DUMMYFUNCTION("""COMPUTED_VALUE"""),4.33188881E8) -> 433188881 | K21: =IFERROR(__xludf.DUMMYFUNCTION("""COMPUTED_VALUE"""),"weblink") -> weblink | L21: =IFERROR(__xludf.DUMMYFUNCTION("""COMPUTED_VALUE"""),"Not Answered") -> Not Answered | M21: =IFERROR(__xludf.DUMMYFUNCTION("""COMPUTED_VALUE"""),"Skatteetaten") -> Skatteetaten | N21: =IFERROR(__xludf.DUMMYFUNCTION("""COMPUTED_VALUE"""),"Ivar Gjessing") -> Ivar Gjessing | O21: =IFERROR(__xludf.DUMMYFUNCTION("""COMPUTED_VALUE"""),"Not Answered") -> Not Answered | P21: =IFERROR(__xludf.DUMMYFUNCTION("""COMPUTED_VALUE"""),"Not Answered") -> Not Answered | Q21: =IFERROR(__xludf.DUMMYFUNCTION("""COMPUTED_VALUE"""),"Not Answered") -> Not Answered | R21: =IFERROR(__xludf.DUMMYFUNCTION("""COMPUTED_VALUE"""),"Not Answered") -> Not Answered | S21: =IFERROR(__xludf.DUMMYFUNCTION("""COMPUTED_VALUE"""),"Not Answered") -> Not Answered | T21: =IFERROR(__xludf.DUMMYFUNCTION("""COMPUTED_VALUE"""),"Not Answered") -> Not Answered | U21: =IFERROR(__xludf.DUMMYFUNCTION("""COMPUTED_VALUE"""),"Not Answered") -> Not Answered | V21: =IFERROR(__xludf.DUMMYFUNCTION("""COMPUTED_VALUE"""),"Not Answered") -> Not Answered | ... AF21: =IFERROR(__xludf.DUMMYFUNCTION("""COMPUTED_VALUE"""),"Not Answered") -> Not Answered | AG21: =IFERROR(__xludf.DUMMYFUNCTION("""COMPUTED_VALUE"""),"Ganske fornøyd") -> Ganske fornøyd | AH21: =IFERROR(__xludf.DUMMYFUNCTION("""COMPUTED_VALUE"""),"Ivar har ikke vært her så lenge enda så litt tidlig å gi en skikkelig tilbakemelding") -> Ivar har ikke vært her så lenge enda så litt tidlig å gi en skikkelig tilbakemelding | AI21: =IFERROR(__xludf.DUMMYFUNCTION("""COMPUTED_VALUE"""),"I stor grad") -> I stor grad | AJ21: =IFERROR(__xludf.DUMMYFUNCTION("""COMPUTED_VALUE"""),"Not Answered") -> Not Answered | AK21: =IFERROR(__xludf.DUMMYFUNCTION("""COMPUTED_VALUE"""),"Svært fornøyd") -> Svært fornøyd | AL21: =IFERROR(__xludf.DUMMYFUNCTION("""COMPUTED_VALUE"""),"Han virker å løse oppgavene han får på en god måte") -> Han virker å løse oppgavene han får på en god måte | AM21: =IFERROR(__xludf.DUMMYFUNCTION("""COMPUTED_VALUE"""),"Svært fornøyd") -> Svært fornøyd | AN21: =IFERROR(__xludf.DUMMYFUNCTION("""COMPUTED_VALUE"""),"Ivar er flink til å involvere de rundt seg ved behov og samarbeider godt med teamet") -> Ivar er flink til å involvere de rundt seg ved behov og samarbeider godt med teamet | AO21: =IFERROR(__xludf.DUMMYFUNCTION("""COMPUTED_VALUE"""),"Not Answered") -> Not Answered | AP21: =IFERROR(__xludf.DUMMYFUNCTION("""COMPUTED_VALUE"""),"Not Answered") -> Not Answered | AQ21: =IFERROR(__xludf.DUMMYFUNCTION("""COMPUTED_VALUE"""),"I stor grad") -> I stor grad | AR21: =IFERROR(__xludf.DUMMYFUNCTION("""COMPUTED_VALUE"""),"Not Answered") -> Not Answered | AS21: =IFERROR(__xludf.DUMMYFUNCTION("""COMPUTED_VALUE"""),"Ikke p.t.") -> Ikke p.t. | AT21: =if(ISNUMBER(A21),B21,) -> 45601.317 | AU21: =if(ISNUMBER(A21),M21,) -> Skatteetaten | AV21: =IFERROR(__xludf.DUMMYFUNCTION("if(ISNUMBER(A21),FILTER(N21:AF21,REGEXMATCH(N21:AF21, ""Not Answered"")=FALSE),)"),"Ivar Gjessing") -> Ivar Gjessing | AW21: =if(ISNUMBER($C21), VLOOKUP(AV21, konsulenter!$A$1:$B99,2,false),) -> #N/A | AX21: =if(ISNUMBER($C21), VLOOKUP(AG21, mapping!$A$2:$B99,2,false),) -> 5 | AY21: =if(ISNUMBER($C21), IF(AH21="Not Answered","-",AH21),) -> Ivar har ikke vært her så lenge enda så litt tidlig å gi en skikkelig tilbakemelding | AZ21: =if(ISNUMBER($C21), VLOOKUP(AI21, mapping!$A$2:$B99,2,false),) -> 6 | BA21: =if(ISNUMBER($C21), IF(AJ21="Not Answered","-",AJ21),) -> - | BB21: =if(ISNUMBER($C21), VLOOKUP(AK21, mapping!$A$2:$B99,2,false),) -> 6 | BC21: =if(ISNUMBER($C21), IF(AL21="Not Answered","-",AL21),) -> Han virker å løse oppgavene han får på en god måte | BD21: =if(ISNUMBER($C21), VLOOKUP(AM21, mapping!$A$2:$B99,2,false),) -> 6 | BE21: =if(ISNUMBER($C21), IF(AN21="Not Answered","-",AN21),) -> Ivar er flink til å involvere de rundt seg ved behov og samarbeider godt med teamet | BF21: =if(ISNUMBER($C21), VLOOKUP(AO21, mapping!$A$2:$B99,2,false),) | BG21: =if(ISNUMBER($C21), IF(AP21="Not Answered","-",AP21),) -> - | BH21: =if(ISNUMBER($C21), VLOOKUP(AQ21, mapping!$A$2:$B99,2,false),) -> 6 | BI21: =if(ISNUMBER($C21), IF(AR21="Not Answered","-",AR21),) -> - | BJ21: =if(ISNUMBER($C21), IF(AS21="Not Answered","-",AS21),) -> Ikke p.t.
A22: =IFERROR(__xludf.DUMMYFUNCTION("""COMPUTED_VALUE"""),1.14728671687E11) -> 114728671687 | B22: =IFERROR(__xludf.DUMMYFUNCTION("""COMPUTED_VALUE"""),45601.33206018519) -> 45601.332 | C22: =IFERROR(__xludf.DUMMYFUNCTION("""COMPUTED_VALUE"""),45601.33454861111) -> 45601.335 | D22: =IFERROR(__xludf.DUMMYFUNCTION("""COMPUTED_VALUE"""),"151.187.161.6") -> 151.187.161.6 | E22: =IFERROR(__xludf.DUMMYFUNCTION("""COMPUTED_VALUE"""),215.0) -> 215 | F22: =IFERROR(__xludf.DUMMYFUNCTION("""COMPUTED_VALUE"""),"completed") -> completed | G22: =IFERROR(__xludf.DUMMYFUNCTION("""COMPUTED_VALUE"""),"Not Answered") -> Not Answered | H22: =IFERROR(__xludf.DUMMYFUNCTION("""COMPUTED_VALUE"""),"Not Answered") -> Not Answered | I22: =IFERROR(__xludf.DUMMYFUNCTION("""COMPUTED_VALUE"""),"Not Answered") -> Not Answered | J22: =IFERROR(__xludf.DUMMYFUNCTION("""COMPUTED_VALUE"""),4.33188881E8) -> 433188881 | K22: =IFERROR(__xludf.DUMMYFUNCTION("""COMPUTED_VALUE"""),"weblink") -> weblink | L22: =IFERROR(__xludf.DUMMYFUNCTION("""COMPUTED_VALUE"""),"Not Answered") -> Not Answered | M22: =IFERROR(__xludf.DUMMYFUNCTION("""COMPUTED_VALUE"""),"Skatteetaten") -> Skatteetaten | N22: =IFERROR(__xludf.DUMMYFUNCTION("""COMPUTED_VALUE"""),"Magnus Skuland") -> Magnus Skuland | O22: =IFERROR(__xludf.DUMMYFUNCTION("""COMPUTED_VALUE"""),"Not Answered") -> Not Answered | P22: =IFERROR(__xludf.DUMMYFUNCTION("""COMPUTED_VALUE"""),"Not Answered") -> Not Answered | Q22: =IFERROR(__xludf.DUMMYFUNCTION("""COMPUTED_VALUE"""),"Not Answered") -> Not Answered | R22: =IFERROR(__xludf.DUMMYFUNCTION("""COMPUTED_VALUE"""),"Not Answered") -> Not Answered | S22: =IFERROR(__xludf.DUMMYFUNCTION("""COMPUTED_VALUE"""),"Not Answered") -> Not Answered | T22: =IFERROR(__xludf.DUMMYFUNCTION("""COMPUTED_VALUE"""),"Not Answered") -> Not Answered | U22: =IFERROR(__xludf.DUMMYFUNCTION("""COMPUTED_VALUE"""),"Not Answered") -> Not Answered | V22: =IFERROR(__xludf.DUMMYFUNCTION("""COMPUTED_VALUE"""),"Not Answered") -> Not Answered | ... AF22: =IFERROR(__xludf.DUMMYFUNCTION("""COMPUTED_VALUE"""),"Not Answered") -> Not Answered | AG22: =IFERROR(__xludf.DUMMYFUNCTION("""COMPUTED_VALUE"""),"Svært fornøyd") -> Svært fornøyd | AH22: =IFERROR(__xludf.DUMMYFUNCTION("""COMPUTED_VALUE"""),"Magnus jobber effektivt og setter seg raskt inn i mer komplekse problemer. Han tar eierskap til det han jobber med og svarer også ut de som tar kontakt utenfor teamet.") -> Magnus jobber effektivt og setter seg raskt inn i mer komplekse problemer. Han tar eierskap til det han jobber med og svarer også ut de som tar kontakt utenfor teamet. | AI22: =IFERROR(__xludf.DUMMYFUNCTION("""COMPUTED_VALUE"""),"I stor grad") -> I stor grad | AJ22: =IFERROR(__xludf.DUMMYFUNCTION("""COMPUTED_VALUE"""),"Not Answered") -> Not Answered | AK22: =IFERROR(__xludf.DUMMYFUNCTION("""COMPUTED_VALUE"""),"Svært fornøyd") -> Svært fornøyd | AL22: =IFERROR(__xludf.DUMMYFUNCTION("""COMPUTED_VALUE"""),"Magnus er alltid åpen for å bistå når kollegaer trenger hjelp eller noen å sparre med, han deler også av egen erfaring i andre settinger.") -> Magnus er alltid åpen for å bistå når kollegaer trenger hjelp eller noen å sparre med, han deler også av egen erfaring i andre settinger. | AM22: =IFERROR(__xludf.DUMMYFUNCTION("""COMPUTED_VALUE"""),"Svært fornøyd") -> Svært fornøyd | AN22: =IFERROR(__xludf.DUMMYFUNCTION("""COMPUTED_VALUE"""),"Magnus samarbeider godt med de andre i teamet og folk utenfor.") -> Magnus samarbeider godt med de andre i teamet og folk utenfor. | AO22: =IFERROR(__xludf.DUMMYFUNCTION("""COMPUTED_VALUE"""),"Not Answered") -> Not Answered | AP22: =IFERROR(__xludf.DUMMYFUNCTION("""COMPUTED_VALUE"""),"Not Answered") -> Not Answered | AQ22: =IFERROR(__xludf.DUMMYFUNCTION("""COMPUTED_VALUE"""),"I stor grad") -> I stor grad | AR22: =IFERROR(__xludf.DUMMYFUNCTION("""COMPUTED_VALUE"""),"Not Answered") -> Not Answered | AS22: =IFERROR(__xludf.DUMMYFUNCTION("""COMPUTED_VALUE"""),"Ikke p.t.") -> Ikke p.t. | AT22: =if(ISNUMBER(A22),B22,) -> 45601.332 | AU22: =if(ISNUMBER(A22),M22,) -> Skatteetaten | AV22: =IFERROR(__xludf.DUMMYFUNCTION("if(ISNUMBER(A22),FILTER(N22:AF22,REGEXMATCH(N22:AF22, ""Not Answered"")=FALSE),)"),"Magnus Skuland") -> Magnus Skuland | AW22: =if(ISNUMBER($C22), VLOOKUP(AV22, konsulenter!$A$1:$B99,2,false),) -> #N/A | AX22: =if(ISNUMBER($C22), VLOOKUP(AG22, mapping!$A$2:$B99,2,false),) -> 6 | AY22: =if(ISNUMBER($C22), IF(AH22="Not Answered","-",AH22),) -> Magnus jobber effektivt og setter seg raskt inn i mer komplekse problemer. Han tar eierskap til det han jobber med og svarer også ut de som tar kontakt utenfor teamet. | AZ22: =if(ISNUMBER($C22), VLOOKUP(AI22, mapping!$A$2:$B99,2,false),) -> 6 | BA22: =if(ISNUMBER($C22), IF(AJ22="Not Answered","-",AJ22),) -> - | BB22: =if(ISNUMBER($C22), VLOOKUP(AK22, mapping!$A$2:$B99,2,false),) -> 6 | BC22: =if(ISNUMBER($C22), IF(AL22="Not Answered","-",AL22),) -> Magnus er alltid åpen for å bistå når kollegaer trenger hjelp eller noen å sparre med, han deler også av egen erfaring i andre settinger. | BD22: =if(ISNUMBER($C22), VLOOKUP(AM22, mapping!$A$2:$B99,2,false),) -> 6 | BE22: =if(ISNUMBER($C22), IF(AN22="Not Answered","-",AN22),) -> Magnus samarbeider godt med de andre i teamet og folk utenfor. | BF22: =if(ISNUMBER($C22), VLOOKUP(AO22, mapping!$A$2:$B99,2,false),) | BG22: =if(ISNUMBER($C22), IF(AP22="Not Answered","-",AP22),) -> - | BH22: =if(ISNUMBER($C22), VLOOKUP(AQ22, mapping!$A$2:$B99,2,false),) -> 6 | BI22: =if(ISNUMBER($C22), IF(AR22="Not Answered","-",AR22),) -> - | BJ22: =if(ISNUMBER($C22), IF(AS22="Not Answered","-",AS22),) -> Ikke p.t.
A23: =IFERROR(__xludf.DUMMYFUNCTION("""COMPUTED_VALUE"""),1.14728673284E11) -> 114728673284 | B23: =IFERROR(__xludf.DUMMYFUNCTION("""COMPUTED_VALUE"""),45601.334745370375) -> 45601.335 | C23: =IFERROR(__xludf.DUMMYFUNCTION("""COMPUTED_VALUE"""),45601.34025462963) -> 45601.34 | D23: =IFERROR(__xludf.DUMMYFUNCTION("""COMPUTED_VALUE"""),"151.187.161.6") -> 151.187.161.6 | E23: =IFERROR(__xludf.DUMMYFUNCTION("""COMPUTED_VALUE"""),476.0) -> 476 | F23: =IFERROR(__xludf.DUMMYFUNCTION("""COMPUTED_VALUE"""),"completed") -> completed | G23: =IFERROR(__xludf.DUMMYFUNCTION("""COMPUTED_VALUE"""),"Not Answered") -> Not Answered | H23: =IFERROR(__xludf.DUMMYFUNCTION("""COMPUTED_VALUE"""),"Not Answered") -> Not Answered | I23: =IFERROR(__xludf.DUMMYFUNCTION("""COMPUTED_VALUE"""),"Not Answered") -> Not Answered | J23: =IFERROR(__xludf.DUMMYFUNCTION("""COMPUTED_VALUE"""),4.33188881E8) -> 433188881 | K23: =IFERROR(__xludf.DUMMYFUNCTION("""COMPUTED_VALUE"""),"weblink") -> weblink | L23: =IFERROR(__xludf.DUMMYFUNCTION("""COMPUTED_VALUE"""),"Not Answered") -> Not Answered | M23: =IFERROR(__xludf.DUMMYFUNCTION("""COMPUTED_VALUE"""),"Skatteetaten") -> Skatteetaten | N23: =IFERROR(__xludf.DUMMYFUNCTION("""COMPUTED_VALUE"""),"Sverre Kristian Valskrå") -> Sverre Kristian Valskrå | O23: =IFERROR(__xludf.DUMMYFUNCTION("""COMPUTED_VALUE"""),"Not Answered") -> Not Answered | P23: =IFERROR(__xludf.DUMMYFUNCTION("""COMPUTED_VALUE"""),"Not Answered") -> Not Answered | Q23: =IFERROR(__xludf.DUMMYFUNCTION("""COMPUTED_VALUE"""),"Not Answered") -> Not Answered | R23: =IFERROR(__xludf.DUMMYFUNCTION("""COMPUTED_VALUE"""),"Not Answered") -> Not Answered | S23: =IFERROR(__xludf.DUMMYFUNCTION("""COMPUTED_VALUE"""),"Not Answered") -> Not Answered | T23: =IFERROR(__xludf.DUMMYFUNCTION("""COMPUTED_VALUE"""),"Not Answered") -> Not Answered | U23: =IFERROR(__xludf.DUMMYFUNCTION("""COMPUTED_VALUE"""),"Not Answered") -> Not Answered | V23: =IFERROR(__xludf.DUMMYFUNCTION("""COMPUTED_VALUE"""),"Not Answered") -> Not Answered | ... AF23: =IFERROR(__xludf.DUMMYFUNCTION("""COMPUTED_VALUE"""),"Not Answered") -> Not Answered | AG23: =IFERROR(__xludf.DUMMYFUNCTION("""COMPUTED_VALUE"""),"Ganske fornøyd") -> Ganske fornøyd | AH23: =IFERROR(__xludf.DUMMYFUNCTION("""COMPUTED_VALUE"""),"Sverre trenger å jobbe litt med å være mer forberedt til møter slik at man får gode diskusjoner med godt gjennomtenkte løsninger fra start. Dette har jeg også snakket med Sverre om.") -> Sverre trenger å jobbe litt med å være mer forberedt til møter slik at man får gode diskusjoner med godt gjennomtenkte løsninger fra start. Dette har jeg også snakket med Sverre om. | AI23: =IFERROR(__xludf.DUMMYFUNCTION("""COMPUTED_VALUE"""),"I stor grad") -> I stor grad | AJ23: =IFERROR(__xludf.DUMMYFUNCTION("""COMPUTED_VALUE"""),"Not Answered") -> Not Answered | AK23: =IFERROR(__xludf.DUMMYFUNCTION("""COMPUTED_VALUE"""),"Ganske fornøyd ") -> Ganske fornøyd | AL23: =IFERROR(__xludf.DUMMYFUNCTION("""COMPUTED_VALUE"""),"Sverre kan gjerne dele mer rundt hvilke andre løsninger man heller bør se på i tilfeller der han ikke er enig med foreslått løsning. ") -> Sverre kan gjerne dele mer rundt hvilke andre løsninger man heller bør se på i tilfeller der han ikke er enig med foreslått løsning. | AM23: =IFERROR(__xludf.DUMMYFUNCTION("""COMPUTED_VALUE"""),"Ganske fornøyd") -> Ganske fornøyd | AN23: =IFERROR(__xludf.DUMMYFUNCTION("""COMPUTED_VALUE"""),"Sverre kan gjerne ta mer eget initiativ opp mot andre team og særlig arkitektene i de andre teamene, og andre prosjekter, der vi har sammenfallende interesser. Være mer proaktiv.") -> Sverre kan gjerne ta mer eget initiativ opp mot andre team og særlig arkitektene i de andre teamene, og andre prosjekter, der vi har sammenfallende interesser. Være mer proaktiv. | AO23: =IFERROR(__xludf.DUMMYFUNCTION("""COMPUTED_VALUE"""),"Not Answered") -> Not Answered | AP23: =IFERROR(__xludf.DUMMYFUNCTION("""COMPUTED_VALUE"""),"Not Answered") -> Not Answered | AQ23: =IFERROR(__xludf.DUMMYFUNCTION("""COMPUTED_VALUE"""),"I stor grad") -> I stor grad | AR23: =IFERROR(__xludf.DUMMYFUNCTION("""COMPUTED_VALUE"""),"Not Answered") -> Not Answered | AS23: =IFERROR(__xludf.DUMMYFUNCTION("""COMPUTED_VALUE"""),"Ikke p.t.") -> Ikke p.t. | AT23: =if(ISNUMBER(A23),B23,) -> 45601.335 | AU23: =if(ISNUMBER(A23),M23,) -> Skatteetaten | AV23: =IFERROR(__xludf.DUMMYFUNCTION("if(ISNUMBER(A23),FILTER(N23:AF23,REGEXMATCH(N23:AF23, ""Not Answered"")=FALSE),)"),"Sverre Kristian Valskrå") -> Sverre Kristian Valskrå | AW23: =if(ISNUMBER($C23), VLOOKUP(AV23, konsulenter!$A$1:$B99,2,false),) -> #N/A | AX23: =if(ISNUMBER($C23), VLOOKUP(AG23, mapping!$A$2:$B99,2,false),) -> 5 | AY23: =if(ISNUMBER($C23), IF(AH23="Not Answered","-",AH23),) -> Sverre trenger å jobbe litt med å være mer forberedt til møter slik at man får gode diskusjoner med godt gjennomtenkte løsninger fra start. Dette har jeg også snakket med Sverre om. | AZ23: =if(ISNUMBER($C23), VLOOKUP(AI23, mapping!$A$2:$B99,2,false),) -> 6 | BA23: =if(ISNUMBER($C23), IF(AJ23="Not Answered","-",AJ23),) -> - | BB23: =if(ISNUMBER($C23), VLOOKUP(AK23, mapping!$A$2:$B99,2,false),) -> 5 | BC23: =if(ISNUMBER($C23), IF(AL23="Not Answered","-",AL23),) -> Sverre kan gjerne dele mer rundt hvilke andre løsninger man heller bør se på i tilfeller der han ikke er enig med foreslått løsning. | BD23: =if(ISNUMBER($C23), VLOOKUP(AM23, mapping!$A$2:$B99,2,false),) -> 5 | BE23: =if(ISNUMBER($C23), IF(AN23="Not Answered","-",AN23),) -> Sverre kan gjerne ta mer eget initiativ opp mot andre team og særlig arkitektene i de andre teamene, og andre prosjekter, der vi har sammenfallende interesser. Være mer proaktiv. | BF23: =if(ISNUMBER($C23), VLOOKUP(AO23, mapping!$A$2:$B99,2,false),) | BG23: =if(ISNUMBER($C23), IF(AP23="Not Answered","-",AP23),) -> - | BH23: =if(ISNUMBER($C23), VLOOKUP(AQ23, mapping!$A$2:$B99,2,false),) -> 6 | BI23: =if(ISNUMBER($C23), IF(AR23="Not Answered","-",AR23),) -> - | BJ23: =if(ISNUMBER($C23), IF(AS23="Not Answered","-",AS23),) -> Ikke p.t.
A24: =IFERROR(__xludf.DUMMYFUNCTION("""COMPUTED_VALUE"""),1.14733612006E11) -> 114733612006 | B24: =IFERROR(__xludf.DUMMYFUNCTION("""COMPUTED_VALUE"""),45607.69569444444) -> 45607.696 | C24: =IFERROR(__xludf.DUMMYFUNCTION("""COMPUTED_VALUE"""),45607.70675925926) -> 45607.707 | D24: =IFERROR(__xludf.DUMMYFUNCTION("""COMPUTED_VALUE"""),"151.187.161.6") -> 151.187.161.6 | E24: =IFERROR(__xludf.DUMMYFUNCTION("""COMPUTED_VALUE"""),955.0) -> 955 | F24: =IFERROR(__xludf.DUMMYFUNCTION("""COMPUTED_VALUE"""),"completed") -> completed | G24: =IFERROR(__xludf.DUMMYFUNCTION("""COMPUTED_VALUE"""),"Not Answered") -> Not Answered | H24: =IFERROR(__xludf.DUMMYFUNCTION("""COMPUTED_VALUE"""),"Not Answered") -> Not Answered | I24: =IFERROR(__xludf.DUMMYFUNCTION("""COMPUTED_VALUE"""),"Not Answered") -> Not Answered | J24: =IFERROR(__xludf.DUMMYFUNCTION("""COMPUTED_VALUE"""),4.33188881E8) -> 433188881 | K24: =IFERROR(__xludf.DUMMYFUNCTION("""COMPUTED_VALUE"""),"weblink") -> weblink | L24: =IFERROR(__xludf.DUMMYFUNCTION("""COMPUTED_VALUE"""),"Not Answered") -> Not Answered | M24: =IFERROR(__xludf.DUMMYFUNCTION("""COMPUTED_VALUE"""),"Skatteetaten") -> Skatteetaten | N24: =IFERROR(__xludf.DUMMYFUNCTION("""COMPUTED_VALUE"""),"Iver Stubdal") -> Iver Stubdal | O24: =IFERROR(__xludf.DUMMYFUNCTION("""COMPUTED_VALUE"""),"Not Answered") -> Not Answered | P24: =IFERROR(__xludf.DUMMYFUNCTION("""COMPUTED_VALUE"""),"Not Answered") -> Not Answered | Q24: =IFERROR(__xludf.DUMMYFUNCTION("""COMPUTED_VALUE"""),"Not Answered") -> Not Answered | R24: =IFERROR(__xludf.DUMMYFUNCTION("""COMPUTED_VALUE"""),"Not Answered") -> Not Answered | S24: =IFERROR(__xludf.DUMMYFUNCTION("""COMPUTED_VALUE"""),"Not Answered") -> Not Answered | T24: =IFERROR(__xludf.DUMMYFUNCTION("""COMPUTED_VALUE"""),"Not Answered") -> Not Answered | U24: =IFERROR(__xludf.DUMMYFUNCTION("""COMPUTED_VALUE"""),"Not Answered") -> Not Answered | V24: =IFERROR(__xludf.DUMMYFUNCTION("""COMPUTED_VALUE"""),"Not Answered") -> Not Answered | ... AF24: =IFERROR(__xludf.DUMMYFUNCTION("""COMPUTED_VALUE"""),"Not Answered") -> Not Answered | AG24: =IFERROR(__xludf.DUMMYFUNCTION("""COMPUTED_VALUE"""),"Svært fornøyd") -> Svært fornøyd | AH24: =IFERROR(__xludf.DUMMYFUNCTION("""COMPUTED_VALUE"""),"Iver leverer som forventet i prosjektet.") -> Iver leverer som forventet i prosjektet. | AI24: =IFERROR(__xludf.DUMMYFUNCTION("""COMPUTED_VALUE"""),"I stor grad") -> I stor grad | AJ24: =IFERROR(__xludf.DUMMYFUNCTION("""COMPUTED_VALUE"""),"Not Answered") -> Not Answered | AK24: =IFERROR(__xludf.DUMMYFUNCTION("""COMPUTED_VALUE"""),"Ganske fornøyd ") -> Ganske fornøyd | AL24: =IFERROR(__xludf.DUMMYFUNCTION("""COMPUTED_VALUE"""),"Han bidrar og er aktiv i diskusjoner om løsningsvalg i teamet. Bidrar ikke så mye med kompetansedeling utover prosjektet. ") -> Han bidrar og er aktiv i diskusjoner om løsningsvalg i teamet. Bidrar ikke så mye med kompetansedeling utover prosjektet. | AM24: =IFERROR(__xludf.DUMMYFUNCTION("""COMPUTED_VALUE"""),"Svært fornøyd") -> Svært fornøyd | AN24: =IFERROR(__xludf.DUMMYFUNCTION("""COMPUTED_VALUE"""),"Iver samarbeider bra med teamet. Kommuniserer og rapporterer klart i møtene. Passer godt inn i miljøet i prosjektet. ") -> Iver samarbeider bra med teamet. Kommuniserer og rapporterer klart i møtene. Passer godt inn i miljøet i prosjektet. | AO24: =IFERROR(__xludf.DUMMYFUNCTION("""COMPUTED_VALUE"""),"Not Answered") -> Not Answered | AP24: =IFERROR(__xludf.DUMMYFUNCTION("""COMPUTED_VALUE"""),"Not Answered") -> Not Answered | AQ24: =IFERROR(__xludf.DUMMYFUNCTION("""COMPUTED_VALUE"""),"4 - star") -> 4 - star | AR24: =IFERROR(__xludf.DUMMYFUNCTION("""COMPUTED_VALUE"""),"Har i kategorien ekspert en høy timepris. ") -> Har i kategorien ekspert en høy timepris. | AS24: =IFERROR(__xludf.DUMMYFUNCTION("""COMPUTED_VALUE"""),"Not Answered") -> Not Answered | AT24: =if(ISNUMBER(A24),B24,) -> 45607.696 | AU24: =if(ISNUMBER(A24),M24,) -> Skatteetaten | AV24: =IFERROR(__xludf.DUMMYFUNCTION("if(ISNUMBER(A24),FILTER(N24:AF24,REGEXMATCH(N24:AF24, ""Not Answered"")=FALSE),)"),"Iver Stubdal") -> Iver Stubdal | AW24: =if(ISNUMBER($C24), VLOOKUP(AV24, konsulenter!$A$1:$B99,2,false),) -> #N/A | AX24: =if(ISNUMBER($C24), VLOOKUP(AG24, mapping!$A$2:$B99,2,false),) -> 6 | AY24: =if(ISNUMBER($C24), IF(AH24="Not Answered","-",AH24),) -> Iver leverer som forventet i prosjektet. | AZ24: =if(ISNUMBER($C24), VLOOKUP(AI24, mapping!$A$2:$B99,2,false),) -> 6 | BA24: =if(ISNUMBER($C24), IF(AJ24="Not Answered","-",AJ24),) -> - | BB24: =if(ISNUMBER($C24), VLOOKUP(AK24, mapping!$A$2:$B99,2,false),) -> 5 | BC24: =if(ISNUMBER($C24), IF(AL24="Not Answered","-",AL24),) -> Han bidrar og er aktiv i diskusjoner om løsningsvalg i teamet. Bidrar ikke så mye med kompetansedeling utover prosjektet. | BD24: =if(ISNUMBER($C24), VLOOKUP(AM24, mapping!$A$2:$B99,2,false),) -> 6 | BE24: =if(ISNUMBER($C24), IF(AN24="Not Answered","-",AN24),) -> Iver samarbeider bra med teamet. Kommuniserer og rapporterer klart i møtene. Passer godt inn i miljøet i prosjektet. | BF24: =if(ISNUMBER($C24), VLOOKUP(AO24, mapping!$A$2:$B99,2,false),) | BG24: =if(ISNUMBER($C24), IF(AP24="Not Answered","-",AP24),) -> - | BH24: =if(ISNUMBER($C24), VLOOKUP(AQ24, mapping!$A$2:$B99,2,false),) -> 4 | BI24: =if(ISNUMBER($C24), IF(AR24="Not Answered","-",AR24),) -> Har i kategorien ekspert en høy timepris. | BJ24: =if(ISNUMBER($C24), IF(AS24="Not Answered","-",AS24),) -> -
A25: =IFERROR(__xludf.DUMMYFUNCTION("""COMPUTED_VALUE"""),1.14735329669E11) -> 114735329669 | B25: =IFERROR(__xludf.DUMMYFUNCTION("""COMPUTED_VALUE"""),45609.48516203703) -> 45609.485 | C25: =IFERROR(__xludf.DUMMYFUNCTION("""COMPUTED_VALUE"""),45609.48908564815) -> 45609.489 | D25: =IFERROR(__xludf.DUMMYFUNCTION("""COMPUTED_VALUE"""),"151.187.161.6") -> 151.187.161.6 | E25: =IFERROR(__xludf.DUMMYFUNCTION("""COMPUTED_VALUE"""),338.0) -> 338 | F25: =IFERROR(__xludf.DUMMYFUNCTION("""COMPUTED_VALUE"""),"completed") -> completed | G25: =IFERROR(__xludf.DUMMYFUNCTION("""COMPUTED_VALUE"""),"Not Answered") -> Not Answered | H25: =IFERROR(__xludf.DUMMYFUNCTION("""COMPUTED_VALUE"""),"Not Answered") -> Not Answered | I25: =IFERROR(__xludf.DUMMYFUNCTION("""COMPUTED_VALUE"""),"Not Answered") -> Not Answered | J25: =IFERROR(__xludf.DUMMYFUNCTION("""COMPUTED_VALUE"""),4.33188881E8) -> 433188881 | K25: =IFERROR(__xludf.DUMMYFUNCTION("""COMPUTED_VALUE"""),"weblink") -> weblink | L25: =IFERROR(__xludf.DUMMYFUNCTION("""COMPUTED_VALUE"""),"Not Answered") -> Not Answered | M25: =IFERROR(__xludf.DUMMYFUNCTION("""COMPUTED_VALUE"""),"Skatteetaten") -> Skatteetaten | N25: =IFERROR(__xludf.DUMMYFUNCTION("""COMPUTED_VALUE"""),"Thomas Arp") -> Thomas Arp | O25: =IFERROR(__xludf.DUMMYFUNCTION("""COMPUTED_VALUE"""),"Not Answered") -> Not Answered | P25: =IFERROR(__xludf.DUMMYFUNCTION("""COMPUTED_VALUE"""),"Not Answered") -> Not Answered | Q25: =IFERROR(__xludf.DUMMYFUNCTION("""COMPUTED_VALUE"""),"Not Answered") -> Not Answered | R25: =IFERROR(__xludf.DUMMYFUNCTION("""COMPUTED_VALUE"""),"Not Answered") -> Not Answered | S25: =IFERROR(__xludf.DUMMYFUNCTION("""COMPUTED_VALUE"""),"Not Answered") -> Not Answered | T25: =IFERROR(__xludf.DUMMYFUNCTION("""COMPUTED_VALUE"""),"Not Answered") -> Not Answered | U25: =IFERROR(__xludf.DUMMYFUNCTION("""COMPUTED_VALUE"""),"Not Answered") -> Not Answered | V25: =IFERROR(__xludf.DUMMYFUNCTION("""COMPUTED_VALUE"""),"Not Answered") -> Not Answered | ... AF25: =IFERROR(__xludf.DUMMYFUNCTION("""COMPUTED_VALUE"""),"Not Answered") -> Not Answered | AG25: =IFERROR(__xludf.DUMMYFUNCTION("""COMPUTED_VALUE"""),"Svært fornøyd") -> Svært fornøyd | AH25: =IFERROR(__xludf.DUMMYFUNCTION("""COMPUTED_VALUE"""),"Thomas er teamleder og teamarkitekt for oss. Selv med to krevende roller som er utfordrende å kombinere leverer han svært godt. Som teamleder er han dyktig til å fordele og ha oversikt over oppgaver og teammedlemmer, han ser hver enkelt og fungerer godt "&"i rollen som sosialt lim i et distribuert team. Som arkitekt er han sentral i utviklingen av nye løsninger og også i saneringen av gamle, det er et enormt spekter av oppgaver og kompetanseområder som han spenner over. Thomas er en usedvanlig hyggelig fy"&"r, og kombinerer det med enorm kompetanse. Sjelden vare.") -> Thomas er teamleder og teamarkitekt for oss. Selv med to krevende roller som er utfordrende å kombinere leverer han svært godt. Som teamleder er han dyktig til å fordele og ha oversikt over oppgaver og teammedlemmer, han ser hver enkelt og fungerer godt i rollen som sosialt lim i et distribuert team. Som arkitekt er han sentral i utviklingen av nye løsninger og også i saneringen av gamle, det er et enormt spekter av oppgaver og kompetanseområder som han spenner over. Thomas er en usedvanlig hyggelig fyr, og kombinerer det med enorm kompetanse. Sjelden vare. | AI25: =IFERROR(__xludf.DUMMYFUNCTION("""COMPUTED_VALUE"""),"I stor grad") -> I stor grad | AJ25: =IFERROR(__xludf.DUMMYFUNCTION("""COMPUTED_VALUE"""),"Not Answered") -> Not Answered | AK25: =IFERROR(__xludf.DUMMYFUNCTION("""COMPUTED_VALUE"""),"Svært fornøyd") -> Svært fornøyd | AL25: =IFERROR(__xludf.DUMMYFUNCTION("""COMPUTED_VALUE"""),"Not Answered") -> Not Answered | AM25: =IFERROR(__xludf.DUMMYFUNCTION("""COMPUTED_VALUE"""),"Svært fornøyd") -> Svært fornøyd | AN25: =IFERROR(__xludf.DUMMYFUNCTION("""COMPUTED_VALUE"""),"Jeg og Thomas har ukentlige 1:1-møter, og han er tydelig på forventninger og behov dersom det trengs - det er viktig og nyttig for at vi skal bevege oss fremover.") -> Jeg og Thomas har ukentlige 1:1-møter, og han er tydelig på forventninger og behov dersom det trengs - det er viktig og nyttig for at vi skal bevege oss fremover. | AO25: =IFERROR(__xludf.DUMMYFUNCTION("""COMPUTED_VALUE"""),"Not Answered") -> Not Answered | AP25: =IFERROR(__xludf.DUMMYFUNCTION("""COMPUTED_VALUE"""),"Not Answered") -> Not Answered | AQ25: =IFERROR(__xludf.DUMMYFUNCTION("""COMPUTED_VALUE"""),"I stor grad") -> I stor grad | AR25: =IFERROR(__xludf.DUMMYFUNCTION("""COMPUTED_VALUE"""),"Not Answered") -> Not Answered | AS25: =IFERROR(__xludf.DUMMYFUNCTION("""COMPUTED_VALUE"""),"Not Answered") -> Not Answered | AT25: =if(ISNUMBER(A25),B25,) -> 45609.485 | AU25: =if(ISNUMBER(A25),M25,) -> Skatteetaten | AV25: =IFERROR(__xludf.DUMMYFUNCTION("if(ISNUMBER(A25),FILTER(N25:AF25,REGEXMATCH(N25:AF25, ""Not Answered"")=FALSE),)"),"Thomas Arp") -> Thomas Arp | AW25: =if(ISNUMBER($C25), VLOOKUP(AV25, konsulenter!$A$1:$B99,2,false),) -> #N/A | AX25: =if(ISNUMBER($C25), VLOOKUP(AG25, mapping!$A$2:$B99,2,false),) -> 6 | AY25: =if(ISNUMBER($C25), IF(AH25="Not Answered","-",AH25),) -> Thomas er teamleder og teamarkitekt for oss. Selv med to krevende roller som er utfordrende å kombinere leverer han svært godt. Som teamleder er han dyktig til å fordele og ha oversikt over oppgaver og teammedlemmer, han ser hver enkelt og fungerer godt i rollen som sosialt lim i et distribuert team. Som arkitekt er han sentral i utviklingen av nye løsninger og også i saneringen av gamle, det er et enormt spekter av oppgaver og kompetanseområder som han spenner over. Thomas er en usedvanlig hyggelig fyr, og kombinerer det med enorm kompetanse. Sjelden vare. | AZ25: =if(ISNUMBER($C25), VLOOKUP(AI25, mapping!$A$2:$B99,2,false),) -> 6 | BA25: =if(ISNUMBER($C25), IF(AJ25="Not Answered","-",AJ25),) -> - | BB25: =if(ISNUMBER($C25), VLOOKUP(AK25, mapping!$A$2:$B99,2,false),) -> 6 | BC25: =if(ISNUMBER($C25), IF(AL25="Not Answered","-",AL25),) -> - | BD25: =if(ISNUMBER($C25), VLOOKUP(AM25, mapping!$A$2:$B99,2,false),) -> 6 | BE25: =if(ISNUMBER($C25), IF(AN25="Not Answered","-",AN25),) -> Jeg og Thomas har ukentlige 1:1-møter, og han er tydelig på forventninger og behov dersom det trengs - det er viktig og nyttig for at vi skal bevege oss fremover. | BF25: =if(ISNUMBER($C25), VLOOKUP(AO25, mapping!$A$2:$B99,2,false),) | BG25: =if(ISNUMBER($C25), IF(AP25="Not Answered","-",AP25),) -> - | BH25: =if(ISNUMBER($C25), VLOOKUP(AQ25, mapping!$A$2:$B99,2,false),) -> 6 | BI25: =if(ISNUMBER($C25), IF(AR25="Not Answered","-",AR25),) -> - | BJ25: =if(ISNUMBER($C25), IF(AS25="Not Answered","-",AS25),) -> -
A26: =IFERROR(__xludf.DUMMYFUNCTION("""COMPUTED_VALUE"""),1.14745029744E11) -> 114745029744 | B26: =IFERROR(__xludf.DUMMYFUNCTION("""COMPUTED_VALUE"""),45621.58930555556) -> 45621.589 | C26: =IFERROR(__xludf.DUMMYFUNCTION("""COMPUTED_VALUE"""),45621.59336805556) -> 45621.593 | D26: =IFERROR(__xludf.DUMMYFUNCTION("""COMPUTED_VALUE"""),"178.232.249.155") -> 178.232.249.155 | E26: =IFERROR(__xludf.DUMMYFUNCTION("""COMPUTED_VALUE"""),350.0) -> 350 | F26: =IFERROR(__xludf.DUMMYFUNCTION("""COMPUTED_VALUE"""),"completed") -> completed | G26: =IFERROR(__xludf.DUMMYFUNCTION("""COMPUTED_VALUE"""),"Not Answered") -> Not Answered | H26: =IFERROR(__xludf.DUMMYFUNCTION("""COMPUTED_VALUE"""),"Not Answered") -> Not Answered | I26: =IFERROR(__xludf.DUMMYFUNCTION("""COMPUTED_VALUE"""),"Not Answered") -> Not Answered | J26: =IFERROR(__xludf.DUMMYFUNCTION("""COMPUTED_VALUE"""),4.33188881E8) -> 433188881 | K26: =IFERROR(__xludf.DUMMYFUNCTION("""COMPUTED_VALUE"""),"weblink") -> weblink | L26: =IFERROR(__xludf.DUMMYFUNCTION("""COMPUTED_VALUE"""),"Not Answered") -> Not Answered | M26: =IFERROR(__xludf.DUMMYFUNCTION("""COMPUTED_VALUE"""),"NAV") -> NAV | N26: =IFERROR(__xludf.DUMMYFUNCTION("""COMPUTED_VALUE"""),"Not Answered") -> Not Answered | O26: =IFERROR(__xludf.DUMMYFUNCTION("""COMPUTED_VALUE"""),"Not Answered") -> Not Answered | P26: =IFERROR(__xludf.DUMMYFUNCTION("""COMPUTED_VALUE"""),"Not Answered") -> Not Answered | Q26: =IFERROR(__xludf.DUMMYFUNCTION("""COMPUTED_VALUE"""),"Not Answered") -> Not Answered | R26: =IFERROR(__xludf.DUMMYFUNCTION("""COMPUTED_VALUE"""),"Not Answered") -> Not Answered | S26: =IFERROR(__xludf.DUMMYFUNCTION("""COMPUTED_VALUE"""),"Not Answered") -> Not Answered | T26: =IFERROR(__xludf.DUMMYFUNCTION("""COMPUTED_VALUE"""),"Not Answered") -> Not Answered | U26: =IFERROR(__xludf.DUMMYFUNCTION("""COMPUTED_VALUE"""),"Not Answered") -> Not Answered | ... AD26: =IFERROR(__xludf.DUMMYFUNCTION("""COMPUTED_VALUE"""),"Not Answered") -> Not Answered | AE26: =IFERROR(__xludf.DUMMYFUNCTION("""COMPUTED_VALUE"""),"Matthew Koranda") -> Matthew Koranda | AF26: =IFERROR(__xludf.DUMMYFUNCTION("""COMPUTED_VALUE"""),"Not Answered") -> Not Answered | AG26: =IFERROR(__xludf.DUMMYFUNCTION("""COMPUTED_VALUE"""),"Svært fornøyd") -> Svært fornøyd | AH26: =IFERROR(__xludf.DUMMYFUNCTION("""COMPUTED_VALUE"""),"Konsulenten leverer som forventet av en sjefskonsulent") -> Konsulenten leverer som forventet av en sjefskonsulent | AI26: =IFERROR(__xludf.DUMMYFUNCTION("""COMPUTED_VALUE"""),"5 - star") -> 5 - star | AJ26: =IFERROR(__xludf.DUMMYFUNCTION("""COMPUTED_VALUE"""),"Har gjennom oppdraget ervervet seg nødvendig kompetanse.") -> Har gjennom oppdraget ervervet seg nødvendig kompetanse. | AK26: =IFERROR(__xludf.DUMMYFUNCTION("""COMPUTED_VALUE"""),"Svært fornøyd") -> Svært fornøyd | AL26: =IFERROR(__xludf.DUMMYFUNCTION("""COMPUTED_VALUE"""),"Konsulenten har hele tiden vist en åpen og fin holdning når det gjelder kompetansedeling") -> Konsulenten har hele tiden vist en åpen og fin holdning når det gjelder kompetansedeling | AM26: =IFERROR(__xludf.DUMMYFUNCTION("""COMPUTED_VALUE"""),"Svært fornøyd") -> Svært fornøyd | AN26: =IFERROR(__xludf.DUMMYFUNCTION("""COMPUTED_VALUE"""),"samarbeider veldig bra.") -> samarbeider veldig bra. | AO26: =IFERROR(__xludf.DUMMYFUNCTION("""COMPUTED_VALUE"""),"Not Answered") -> Not Answered | AP26: =IFERROR(__xludf.DUMMYFUNCTION("""COMPUTED_VALUE"""),"N/A") -> N/A | AQ26: =IFERROR(__xludf.DUMMYFUNCTION("""COMPUTED_VALUE"""),"5 - star") -> 5 - star | AR26: =IFERROR(__xludf.DUMMYFUNCTION("""COMPUTED_VALUE"""),"kostbar sjefskonsulent.") -> kostbar sjefskonsulent. | AS26: =IFERROR(__xludf.DUMMYFUNCTION("""COMPUTED_VALUE"""),"Not Answered") -> Not Answered | AT26: =if(ISNUMBER(A26),B26,) -> 45621.589 | AU26: =if(ISNUMBER(A26),M26,) -> NAV | AV26: =IFERROR(__xludf.DUMMYFUNCTION("if(ISNUMBER(A26),FILTER(N26:AF26,REGEXMATCH(N26:AF26, ""Not Answered"")=FALSE),)"),"Matthew Koranda") -> Matthew Koranda | AW26: =if(ISNUMBER($C26), VLOOKUP(AV26, konsulenter!$A$1:$B99,2,false),) -> #N/A | AX26: =if(ISNUMBER($C26), VLOOKUP(AG26, mapping!$A$2:$B99,2,false),) -> 6 | AY26: =if(ISNUMBER($C26), IF(AH26="Not Answered","-",AH26),) -> Konsulenten leverer som forventet av en sjefskonsulent | AZ26: =if(ISNUMBER($C26), VLOOKUP(AI26, mapping!$A$2:$B99,2,false),) -> 5 | BA26: =if(ISNUMBER($C26), IF(AJ26="Not Answered","-",AJ26),) -> Har gjennom oppdraget ervervet seg nødvendig kompetanse. | BB26: =if(ISNUMBER($C26), VLOOKUP(AK26, mapping!$A$2:$B99,2,false),) -> 6 | BC26: =if(ISNUMBER($C26), IF(AL26="Not Answered","-",AL26),) -> Konsulenten har hele tiden vist en åpen og fin holdning når det gjelder kompetansedeling | BD26: =if(ISNUMBER($C26), VLOOKUP(AM26, mapping!$A$2:$B99,2,false),) -> 6 | BE26: =if(ISNUMBER($C26), IF(AN26="Not Answered","-",AN26),) -> samarbeider veldig bra. | BF26: =if(ISNUMBER($C26), VLOOKUP(AO26, mapping!$A$2:$B99,2,false),) | BG26: =if(ISNUMBER($C26), IF(AP26="Not Answered","-",AP26),) -> N/A | BH26: =if(ISNUMBER($C26), VLOOKUP(AQ26, mapping!$A$2:$B99,2,false),) -> 5 | BI26: =if(ISNUMBER($C26), IF(AR26="Not Answered","-",AR26),) -> kostbar sjefskonsulent. | BJ26: =if(ISNUMBER($C26), IF(AS26="Not Answered","-",AS26),) -> -
A27: =IFERROR(__xludf.DUMMYFUNCTION("""COMPUTED_VALUE"""),1.14745051553E11) -> 114745051553 | B27: =IFERROR(__xludf.DUMMYFUNCTION("""COMPUTED_VALUE"""),45621.610173611116) -> 45621.61 | C27: =IFERROR(__xludf.DUMMYFUNCTION("""COMPUTED_VALUE"""),45621.61150462963) -> 45621.611 | D27: =IFERROR(__xludf.DUMMYFUNCTION("""COMPUTED_VALUE"""),"62.92.224.123") -> 62.92.224.123 | E27: =IFERROR(__xludf.DUMMYFUNCTION("""COMPUTED_VALUE"""),114.0) -> 114 | F27: =IFERROR(__xludf.DUMMYFUNCTION("""COMPUTED_VALUE"""),"completed") -> completed | G27: =IFERROR(__xludf.DUMMYFUNCTION("""COMPUTED_VALUE"""),"Not Answered") -> Not Answered | H27: =IFERROR(__xludf.DUMMYFUNCTION("""COMPUTED_VALUE"""),"Not Answered") -> Not Answered | I27: =IFERROR(__xludf.DUMMYFUNCTION("""COMPUTED_VALUE"""),"Not Answered") -> Not Answered | J27: =IFERROR(__xludf.DUMMYFUNCTION("""COMPUTED_VALUE"""),4.33598082E8) -> 433598082 | K27: =IFERROR(__xludf.DUMMYFUNCTION("""COMPUTED_VALUE"""),"weblink") -> weblink | L27: =IFERROR(__xludf.DUMMYFUNCTION("""COMPUTED_VALUE"""),"Not Answered") -> Not Answered | M27: =IFERROR(__xludf.DUMMYFUNCTION("""COMPUTED_VALUE"""),"Sikt") -> Sikt | N27: =IFERROR(__xludf.DUMMYFUNCTION("""COMPUTED_VALUE"""),"Not Answered") -> Not Answered | O27: =IFERROR(__xludf.DUMMYFUNCTION("""COMPUTED_VALUE"""),"Not Answered") -> Not Answered | P27: =IFERROR(__xludf.DUMMYFUNCTION("""COMPUTED_VALUE"""),"Not Answered") -> Not Answered | Q27: =IFERROR(__xludf.DUMMYFUNCTION("""COMPUTED_VALUE"""),"Not Answered") -> Not Answered | R27: =IFERROR(__xludf.DUMMYFUNCTION("""COMPUTED_VALUE"""),"Not Answered") -> Not Answered | S27: =IFERROR(__xludf.DUMMYFUNCTION("""COMPUTED_VALUE"""),"Not Answered") -> Not Answered | T27: =IFERROR(__xludf.DUMMYFUNCTION("""COMPUTED_VALUE"""),"Not Answered") -> Not Answered | U27: =IFERROR(__xludf.DUMMYFUNCTION("""COMPUTED_VALUE"""),"Not Answered") -> Not Answered | ... AA27: =IFERROR(__xludf.DUMMYFUNCTION("""COMPUTED_VALUE"""),"Not Answered") -> Not Answered | AB27: =IFERROR(__xludf.DUMMYFUNCTION("""COMPUTED_VALUE"""),"Lasse Krabye") -> Lasse Krabye | AC27: =IFERROR(__xludf.DUMMYFUNCTION("""COMPUTED_VALUE"""),"Not Answered") -> Not Answered | AD27: =IFERROR(__xludf.DUMMYFUNCTION("""COMPUTED_VALUE"""),"Not Answered") -> Not Answered | AE27: =IFERROR(__xludf.DUMMYFUNCTION("""COMPUTED_VALUE"""),"Not Answered") -> Not Answered | AF27: =IFERROR(__xludf.DUMMYFUNCTION("""COMPUTED_VALUE"""),"Not Answered") -> Not Answered | AG27: =IFERROR(__xludf.DUMMYFUNCTION("""COMPUTED_VALUE"""),"Ganske fornøyd") -> Ganske fornøyd | AH27: =IFERROR(__xludf.DUMMYFUNCTION("""COMPUTED_VALUE"""),"Not Answered") -> Not Answered | AI27: =IFERROR(__xludf.DUMMYFUNCTION("""COMPUTED_VALUE"""),"I stor grad") -> I stor grad | AJ27: =IFERROR(__xludf.DUMMYFUNCTION("""COMPUTED_VALUE"""),"Not Answered") -> Not Answered | AK27: =IFERROR(__xludf.DUMMYFUNCTION("""COMPUTED_VALUE"""),"Ganske fornøyd ") -> Ganske fornøyd | AL27: =IFERROR(__xludf.DUMMYFUNCTION("""COMPUTED_VALUE"""),"Not Answered") -> Not Answered | AM27: =IFERROR(__xludf.DUMMYFUNCTION("""COMPUTED_VALUE"""),"Ganske fornøyd") -> Ganske fornøyd | AN27: =IFERROR(__xludf.DUMMYFUNCTION("""COMPUTED_VALUE"""),"Not Answered") -> Not Answered | AO27: =IFERROR(__xludf.DUMMYFUNCTION("""COMPUTED_VALUE"""),"Ganske fornøyd") -> Ganske fornøyd | AP27: =IFERROR(__xludf.DUMMYFUNCTION("""COMPUTED_VALUE"""),"Not Answered") -> Not Answered | AQ27: =IFERROR(__xludf.DUMMYFUNCTION("""COMPUTED_VALUE"""),"I stor grad") -> I stor grad | AR27: =IFERROR(__xludf.DUMMYFUNCTION("""COMPUTED_VALUE"""),"Not Answered") -> Not Answered | AS27: =IFERROR(__xludf.DUMMYFUNCTION("""COMPUTED_VALUE"""),"Not Answered") -> Not Answered | AT27: =if(ISNUMBER(A27),B27,) -> 45621.61 | AU27: =if(ISNUMBER(A27),M27,) -> Sikt | AV27: =IFERROR(__xludf.DUMMYFUNCTION("if(ISNUMBER(A27),FILTER(N27:AF27,REGEXMATCH(N27:AF27, ""Not Answered"")=FALSE),)"),"Lasse Krabye") -> Lasse Krabye | AW27: =if(ISNUMBER($C27), VLOOKUP(AV27, konsulenter!$A$1:$B99,2,false),) -> #N/A | AX27: =if(ISNUMBER($C27), VLOOKUP(AG27, mapping!$A$2:$B99,2,false),) -> 5 | AY27: =if(ISNUMBER($C27), IF(AH27="Not Answered","-",AH27),) -> - | AZ27: =if(ISNUMBER($C27), VLOOKUP(AI27, mapping!$A$2:$B99,2,false),) -> 6 | BA27: =if(ISNUMBER($C27), IF(AJ27="Not Answered","-",AJ27),) -> - | BB27: =if(ISNUMBER($C27), VLOOKUP(AK27, mapping!$A$2:$B99,2,false),) -> 5 | BC27: =if(ISNUMBER($C27), IF(AL27="Not Answered","-",AL27),) -> - | BD27: =if(ISNUMBER($C27), VLOOKUP(AM27, mapping!$A$2:$B99,2,false),) -> 5 | BE27: =if(ISNUMBER($C27), IF(AN27="Not Answered","-",AN27),) -> - | BF27: =if(ISNUMBER($C27), VLOOKUP(AO27, mapping!$A$2:$B99,2,false),) -> 5 | BG27: =if(ISNUMBER($C27), IF(AP27="Not Answered","-",AP27),) -> - | BH27: =if(ISNUMBER($C27), VLOOKUP(AQ27, mapping!$A$2:$B99,2,false),) -> 6 | BI27: =if(ISNUMBER($C27), IF(AR27="Not Answered","-",AR27),) -> - | BJ27: =if(ISNUMBER($C27), IF(AS27="Not Answered","-",AS27),) -> -
A28: =IFERROR(__xludf.DUMMYFUNCTION("""COMPUTED_VALUE"""),1.14745053221E11) -> 114745053221 | B28: =IFERROR(__xludf.DUMMYFUNCTION("""COMPUTED_VALUE"""),45621.611562499995) -> 45621.612 | C28: =IFERROR(__xludf.DUMMYFUNCTION("""COMPUTED_VALUE"""),45621.61274305556) -> 45621.613 | D28: =IFERROR(__xludf.DUMMYFUNCTION("""COMPUTED_VALUE"""),"62.92.224.123") -> 62.92.224.123 | E28: =IFERROR(__xludf.DUMMYFUNCTION("""COMPUTED_VALUE"""),101.0) -> 101 | F28: =IFERROR(__xludf.DUMMYFUNCTION("""COMPUTED_VALUE"""),"completed") -> completed | G28: =IFERROR(__xludf.DUMMYFUNCTION("""COMPUTED_VALUE"""),"Not Answered") -> Not Answered | H28: =IFERROR(__xludf.DUMMYFUNCTION("""COMPUTED_VALUE"""),"Not Answered") -> Not Answered | I28: =IFERROR(__xludf.DUMMYFUNCTION("""COMPUTED_VALUE"""),"Not Answered") -> Not Answered | J28: =IFERROR(__xludf.DUMMYFUNCTION("""COMPUTED_VALUE"""),4.33598082E8) -> 433598082 | K28: =IFERROR(__xludf.DUMMYFUNCTION("""COMPUTED_VALUE"""),"weblink") -> weblink | L28: =IFERROR(__xludf.DUMMYFUNCTION("""COMPUTED_VALUE"""),"Not Answered") -> Not Answered | M28: =IFERROR(__xludf.DUMMYFUNCTION("""COMPUTED_VALUE"""),"Sikt") -> Sikt | N28: =IFERROR(__xludf.DUMMYFUNCTION("""COMPUTED_VALUE"""),"Not Answered") -> Not Answered | O28: =IFERROR(__xludf.DUMMYFUNCTION("""COMPUTED_VALUE"""),"Not Answered") -> Not Answered | P28: =IFERROR(__xludf.DUMMYFUNCTION("""COMPUTED_VALUE"""),"Not Answered") -> Not Answered | Q28: =IFERROR(__xludf.DUMMYFUNCTION("""COMPUTED_VALUE"""),"Not Answered") -> Not Answered | R28: =IFERROR(__xludf.DUMMYFUNCTION("""COMPUTED_VALUE"""),"Not Answered") -> Not Answered | S28: =IFERROR(__xludf.DUMMYFUNCTION("""COMPUTED_VALUE"""),"Not Answered") -> Not Answered | T28: =IFERROR(__xludf.DUMMYFUNCTION("""COMPUTED_VALUE"""),"Not Answered") -> Not Answered | U28: =IFERROR(__xludf.DUMMYFUNCTION("""COMPUTED_VALUE"""),"Not Answered") -> Not Answered | ... AA28: =IFERROR(__xludf.DUMMYFUNCTION("""COMPUTED_VALUE"""),"Not Answered") -> Not Answered | AB28: =IFERROR(__xludf.DUMMYFUNCTION("""COMPUTED_VALUE"""),"Petter Kristiansen") -> Petter Kristiansen | AC28: =IFERROR(__xludf.DUMMYFUNCTION("""COMPUTED_VALUE"""),"Not Answered") -> Not Answered | AD28: =IFERROR(__xludf.DUMMYFUNCTION("""COMPUTED_VALUE"""),"Not Answered") -> Not Answered | AE28: =IFERROR(__xludf.DUMMYFUNCTION("""COMPUTED_VALUE"""),"Not Answered") -> Not Answered | AF28: =IFERROR(__xludf.DUMMYFUNCTION("""COMPUTED_VALUE"""),"Not Answered") -> Not Answered | AG28: =IFERROR(__xludf.DUMMYFUNCTION("""COMPUTED_VALUE"""),"Svært fornøyd") -> Svært fornøyd | AH28: =IFERROR(__xludf.DUMMYFUNCTION("""COMPUTED_VALUE"""),"Not Answered") -> Not Answered | AI28: =IFERROR(__xludf.DUMMYFUNCTION("""COMPUTED_VALUE"""),"5 - star") -> 5 - star | AJ28: =IFERROR(__xludf.DUMMYFUNCTION("""COMPUTED_VALUE"""),"Not Answered") -> Not Answered | AK28: =IFERROR(__xludf.DUMMYFUNCTION("""COMPUTED_VALUE"""),"Svært fornøyd") -> Svært fornøyd | AL28: =IFERROR(__xludf.DUMMYFUNCTION("""COMPUTED_VALUE"""),"Not Answered") -> Not Answered | AM28: =IFERROR(__xludf.DUMMYFUNCTION("""COMPUTED_VALUE"""),"Svært fornøyd") -> Svært fornøyd | AN28: =IFERROR(__xludf.DUMMYFUNCTION("""COMPUTED_VALUE"""),"Not Answered") -> Not Answered | AO28: =IFERROR(__xludf.DUMMYFUNCTION("""COMPUTED_VALUE"""),"Ganske fornøyd") -> Ganske fornøyd | AP28: =IFERROR(__xludf.DUMMYFUNCTION("""COMPUTED_VALUE"""),"Not Answered") -> Not Answered | AQ28: =IFERROR(__xludf.DUMMYFUNCTION("""COMPUTED_VALUE"""),"I stor grad") -> I stor grad | AR28: =IFERROR(__xludf.DUMMYFUNCTION("""COMPUTED_VALUE"""),"Not Answered") -> Not Answered | AS28: =IFERROR(__xludf.DUMMYFUNCTION("""COMPUTED_VALUE"""),"Not Answered") -> Not Answered | AT28: =if(ISNUMBER(A28),B28,) -> 45621.612 | AU28: =if(ISNUMBER(A28),M28,) -> Sikt | AV28: =IFERROR(__xludf.DUMMYFUNCTION("if(ISNUMBER(A28),FILTER(N28:AF28,REGEXMATCH(N28:AF28, ""Not Answered"")=FALSE),)"),"Petter Kristiansen") -> Petter Kristiansen | AW28: =if(ISNUMBER($C28), VLOOKUP(AV28, konsulenter!$A$1:$B99,2,false),) -> #N/A | AX28: =if(ISNUMBER($C28), VLOOKUP(AG28, mapping!$A$2:$B99,2,false),) -> 6 | AY28: =if(ISNUMBER($C28), IF(AH28="Not Answered","-",AH28),) -> - | AZ28: =if(ISNUMBER($C28), VLOOKUP(AI28, mapping!$A$2:$B99,2,false),) -> 5 | BA28: =if(ISNUMBER($C28), IF(AJ28="Not Answered","-",AJ28),) -> - | BB28: =if(ISNUMBER($C28), VLOOKUP(AK28, mapping!$A$2:$B99,2,false),) -> 6 | BC28: =if(ISNUMBER($C28), IF(AL28="Not Answered","-",AL28),) -> - | BD28: =if(ISNUMBER($C28), VLOOKUP(AM28, mapping!$A$2:$B99,2,false),) -> 6 | BE28: =if(ISNUMBER($C28), IF(AN28="Not Answered","-",AN28),) -> - | BF28: =if(ISNUMBER($C28), VLOOKUP(AO28, mapping!$A$2:$B99,2,false),) -> 5 | BG28: =if(ISNUMBER($C28), IF(AP28="Not Answered","-",AP28),) -> - | BH28: =if(ISNUMBER($C28), VLOOKUP(AQ28, mapping!$A$2:$B99,2,false),) -> 6 | BI28: =if(ISNUMBER($C28), IF(AR28="Not Answered","-",AR28),) -> - | BJ28: =if(ISNUMBER($C28), IF(AS28="Not Answered","-",AS28),) -> -
